offence_Code,offence_category
1000,C2
1100,C2
1110,C2
1111,C4
1112,C4
1113,C4
1114,C4
1115,C4
1116,C4
1118,C4
1119,C4
1120,C4
1121,C4
1122,C4
1123,C4
1124,C4
1129,C4
1130,C4
1131,C4
1132,C4
1133,C4
1134,C4
1135,C4
1136,C4
1137,C4
1138,C4
1139,C4
1140,C4
1141,C4
1142,C4
1143,C4
1144,C4
1149,C4
1150,C2
1151,C3
1152,C3
1153,C3
1154,C3
1155,C3
1159,C3
1160,C2
1161,C3
1169,C4
1199,C4
1200,C2
1210,C2
1211,C3
1212,C3
1219,C3
1220,C2
1221,C3
1229,C3
1230,C2
1231,C4
1232,C4
1233,C3
1299,C2
1300,C2
1310,C2
1311,C3
1312,C3
1313,C3
1314,C3
1315,C3
1316,C3
1317,C3
1318,C3
1319,C3
1320,C2
1321,C3
1322,C3
1323,C3
1329,C3
1330,C2
1331,C3
1332,C3
1333,C3
1334,C3
1335,C3
1336,C3
1339,C3
1340,C2
1341,C3
1342,C3
1343,C3
1344,C3
1345,C3
1349,C3
1360,0
1361,C3
1399,C2
1400,C2
1410,C2
1411,C3
1412,C3
1413,C3
1414,C3
1415,C3
1416,C3
1417,C3
1418,C3
1419,C3
1420,C2
1421,C3
1422,C3
1423,C3
1424,C3
1425,C3
1426,C3
1427,C3
1428,C3
1429,C3
1430,C2
1431,C3
1432,C3
1433,C3
1434,C3
1435,C3
1436,C3
1437,C3
1438,C3
1439,C3
1440,C2
1441,C3
1442,C3
1443,C3
1444,C3
1449,C3
1450,C2
1451,C3
1452,C3
1453,C3
1454,C3
1455,C3
1456,C3
1459,C3
1460,C2
1461,C3
1462,C3
1463,C3
1464,C3
1469,C3
1470,C2
1471,C3
1472,C3
1473,C3
1474,C3
1479,C3
1480,C2
1481,C3
1482,C3
1483,C3
1489,C3
1490,C2
1491,C3
1492,C3
1493,C3
1494,C3
1498,C3
1499,C3
1500,C2
1510,C2
1511,C3
1512,C3
1513,C3
1514,C3
1519,C3
1520,C2
1521,C3
1522,C3
1523,C3
1524,C3
1529,C3
1530,C2
1531,C3
1532,C3
1533,C3
1534,C3
1539,C3
1540,C2
1541,C3
1542,C3
1543,C3
1544,C3
1549,C3
1550,C2
1551,C3
1552,C3
1553,C3
1554,C3
1559,C3
1560,C2
1561,C3
1562,C3
1563,C3
1564,C3
1569,C3
1570,C2
1571,C3
1572,C3
1573,C3
1574,C3
1579,C3
1580,C2
1581,C2
1582,C2
1583,C2
1584,C2
1585,C2
1586,C2
1587,C2
1588,C2
1589,C2
1590,C2
1591,C2
1592,C2
1593,C2
1594,C2
1599,C2
1600,C2
1610,C2
1611,C2
1612,C2
1613,C2
1614,C2
1615,C2
1616,C2
1619,C2
1620,C2
1621,C2
1622,C2
1623,C2
1624,C2
1629,C2
1630,C2
1631,C2
1632,C2
1633,C2
1634,C2
1639,C2
1640,C2
1641,C2
1642,C2
1643,C2
1644,C2
1645,C2
1646,C2
1647,C2
1648,C2
1649,C2
1650,C2
1651,C2
1652,C2
1653,C2
1654,C2
1659,C2
1699,C2
1700,C2
1710,C2
1711,C3
1712,C3
1713,C3
1714,C3
1715,C3
1719,C3
1720,C2
1721,C3
1722,C3
1723,C3
1724,C3
1725,C3
1726,C3
1727,C3
1728,C3
1729,C3
1730,C2
1731,C2
1732,C2
1733,C2
1734,C2
1735,C2
1739,C2
1740,C2
1741,C3
1742,C3
1743,C3
1744,C3
1745,C4
1746,C4
1747,C3
1748,C3
1749,C3
1750,C2
1751,C2
1752,C2
1753,C2
1754,C2
1755,C3
1756,C3
1757,C3
1758,C2
1759,C3
1760,C2
1761,C2
1762,C3
1763,C2
1764,C2
1769,C3
1770,C2
1771,C3
1772,C3
1773,C3
1774,C3
1775,C3
1776,C3
1777,C3
1778,C3
1779,C3
1780,C2
1781,C2
1782,C2
1783,C2
1784,C2
1785,C2
1786,C2
1787,C2
1788,C2
1789,C2
1790,C2
1791,C3
1792,C3
1793,C2
1799,C2
1800,C2
1810,C2
1811,C3
1812,C3
1813,C3
1814,C2
1815,C2
1819,C3
1820,C2
1821,C2
1822,C2
1823,C2
1829,C2
1830,C2
1831,C3
1832,C3
1833,C3
1834,C3
1835,C3
1836,C3
1837,C3
1838,C3
1839,C3
1840,C2
1841,C3
1842,C2
1843,C2
1844,C1
1845,C1
1849,C2
1850,C2
1851,C3
1852,C2
1853,C3
1859,C2
1899,C2
1999,C2
2000,C2
2100,C2
2110,C2
2111,C3
2112,C3
2113,C3
2114,C3
2115,C3
2116,C3
2119,C3
2120,C2
2121,C3
2122,C3
2123,C3
2129,C3
2130,C2
2131,C3
2132,C3
2139,C3
2140,C2
2141,C3
2142,C3
2143,C3
2144,C3
2145,C3
2146,C3
2147,C3
2148,C3
2149,C3
2150,C2
2151,C3
2152,C3
2153,C3
2154,C3
2155,C3
2156,C3
2157,C3
2158,C3
2159,C3
2160,C2
2161,C3
2162,C3
2163,C3
2164,C3
2165,C3
2166,C3
2167,C3
2168,C3
2169,C3
2170,C2
2171,C3
2172,C3
2173,C3
2179,C3
2180,C2
2181,C1
2182,C1
2190,C2
2191,C3
2192,C3
2193,C3
2194,C3
2195,C3
2196,C3
2197,C3
2199,C3
2200,C2
2210,C2
2211,C3
2212,C3
2213,C3
2214,C3
2215,C3
2216,C3
2219,C3
2220,C2
2221,C2
2229,C2
2230,C2
2231,C3
2232,C3
2290,0
2299,C2
2300,C2
2310,C2
2311,C3
2312,C3
2313,C3
2319,C3
2320,C2
2321,C3
2322,C3
2323,C3
2324,C3
2325,C3
2329,C3
2330,C2
2331,C3
2332,C3
2333,C3
2339,C2
2340,C2
2349,C3
2350,C2
2359,C3
2360,C2
2369,C2
2370,C2
2379,C2
2380,C2
2389,C2
2390,C2
2399,C2
2400,C2
2410,C2
2411,C3
2412,C3
2413,C3
2414,C3
2419,C2
2420,C2
2421,C3
2422,C3
2423,C3
2424,C3
2429,C2
2430,C2
2431,C3
2432,C3
2433,C3
2434,C3
2435,C3
2439,C3
2440,C2
2441,C3
2442,C3
2443,C3
2444,C3
2445,C3
2446,C3
2449,C2
2450,C2
2451,C3
2452,C3
2453,C3
2454,C3
2459,C2
2460,C2
2461,C3
2462,C3
2463,C3
2464,C1
2465,C1
2466,C3
2469,C3
2470,C2
2471,C1
2472,C1
2473,C1
2474,C1
2475,C1
2476,C1
2479,C1
2480,C2
2481,C2
2482,C1
2483,C2
2484,C2
2489,C3
2490,C2
2499,C2
2500,C2
2510,C2
2511,C1
2512,C1
2513,C1
2514,C1
2515,C1
2516,C1
2517,C1
2518,C1
2519,C1
2520,C2
2521,C1
2522,C1
2523,C1
2524,C2
2529,C2
2530,C2
2531,C2
2532,C2
2533,C2
2539,C2
2600,C2
2610,C2
2611,C3
2612,C3
2613,C3
2614,C3
2619,C3
2620,C2
2621,C3
2622,C3
2623,C3
2624,C3
2625,C3
2626,C3
2627,C3
2628,C3
2629,C3
2630,C2
2631,C3
2632,C3
2633,C3
2634,C3
2635,C3
2636,C3
2637,C3
2639,C3
2640,C2
2641,C3
2642,C3
2643,C3
2644,C3
2645,C3
2646,C3
2649,C3
2650,C2
2651,C3
2652,C3
2653,C3
2654,C3
2655,C3
2656,C3
2657,C3
2658,C3
2659,C3
2660,C2
2661,C3
2662,C3
2663,C3
2664,C3
2665,C3
2666,C3
2667,C3
2668,C3
2669,C3
2670,C2
2671,C3
2672,C3
2673,C3
2674,C3
2675,C3
2676,C3
2677,C3
2678,C3
2679,C3
2680,C2
2681,C3
2682,C3
2683,C3
2684,C3
2685,C3
2686,C3
2689,C3
2690,C2
2691,C3
2692,C3
2693,C3
2694,C3
2695,C3
2696,C3
2697,C3
2698,C3
2699,C3
2700,C2
2710,C2
2711,C3
2712,C3
2713,C3
2714,C3
2715,C3
2716,C3
2719,C3
2720,C2
2721,C3
2722,C3
2723,C3
2729,C3
2730,C2
2731,C3
2732,C3
2733,C3
2740,C2
2741,C3
2742,C3
2743,C3
2791,C3
2792,C1
2793,C3
2794,C2
2795,C1
2796,C1
2797,C1
2798,C3
2799,C1
2800,C2
2810,C2
2811,C3
2812,C3
2813,C3
2814,C3
2815,C3
2816,C3
2817,C3
2819,C3
2820,C2
2821,C3
2822,C3
2823,C3
2824,C3
2825,C3
2826,C3
2827,C3
2829,C3
2830,C2
2831,C3
2832,C3
2833,C3
2839,C3
2840,C2
2841,C3
2842,C3
2843,C3
2844,C3
2845,C3
2846,C3
2847,C3
2848,C3
2849,C3
2850,C2
2851,C3
2852,C3
2853,C3
2860,C2
2861,C3
2862,C3
2863,C3
2864,C3
2869,C3
2870,C2
2871,C3
2872,C3
2873,C3
2874,C3
2875,C3
2879,C3
2880,C2
2881,C3
2882,C3
2883,C3
2889,C3
2900,C2
2910,C2
2911,C3
2912,C3
2913,C3
2914,C1
2915,C1
2916,C3
2917,C3
2919,C2
2920,C2
2921,C1
2922,C1
2923,C1
2924,C1
2925,C1
2926,C1
2929,C1
2930,C2
2931,C1
2932,C1
2939,C1
2940,C2
2941,C1
2942,C3
2943,C3
2949,C2
2950,C2
2951,C3
2952,C3
2953,C3
2954,C3
2960,C2
2961,C1
2962,C3
2963,C1
2964,C2
2965,C2
2966,C1
2967,C1
2968,C1
2969,C2
2970,0
2971,C1
2972,C3
2973,C3
2974,C3
2975,C3
2976,C1
2977,C1
2978,C1
2979,C1
2980,0
2981,C1
2982,C1
2983,C1
2990,0
2991,C3
2992,C3
2993,C3
2999,C2
3000,C2
3100,C2
3110,C2
3111,C3
3112,C3
3113,C3
3114,C3
3115,C3
3116,C3
3117,C3
3119,C3
3120,C2
3121,C3
3122,C3
3123,C3
3124,C3
3125,C3
3126,C3
3127,C3
3129,C3
3130,C2
3131,C3
3132,C3
3133,C3
3134,C3
3135,C3
3136,C3
3137,C3
3139,C3
3140,C2
3141,C3
3142,C3
3143,C3
3144,C3
3145,C3
3146,C3
3147,C3
3149,C3
3150,C2
3151,C2
3152,C2
3153,C2
3154,C2
3155,C2
3156,C2
3157,C2
3158,C2
3159,C2
3160,C2
3161,C2
3162,C2
3163,C2
3164,C2
3165,C2
3166,C2
3167,C2
3169,C2
3170,C2
3171,C3
3172,C3
3173,C3
3179,C3
3180,C2
3181,C3
3182,C2
3183,C2
3184,C2
3185,C2
3186,C2
3187,C3
3188,C2
3189,C2
3190,C2
3191,C3
3192,C3
3193,C3
3194,C2
3199,C2
3200,C2
3210,C2
3211,C3
3212,C3
3213,C3
3214,C3
3219,C3
3220,C2
3221,C3
3222,C3
3223,C3
3224,C3
3229,C3
3230,C2
3231,C3
3232,C3
3233,C3
3234,C3
3239,C3
3240,C2
3241,C3
3242,C3
3243,C3
3244,C3
3249,C3
3250,C2
3251,C2
3252,C2
3253,C2
3254,C2
3255,C2
3259,C2
3260,C2
3261,C2
3262,C2
3263,C2
3264,C2
3269,C2
3270,C2
3271,C3
3272,C3
3273,C3
3279,C3
3280,C2
3281,C3
3282,C2
3283,C2
3284,C2
3285,C3
3289,C2
3290,C2
3291,C3
3299,C2
3300,C2
3310,C2
3311,C1
3312,C1
3313,C1
3314,C1
3315,C1
3316,C1
3317,C1
3319,C1
3320,C2
3321,C1
3322,C1
3323,C1
3324,C1
3325,C1
3326,C1
3327,C1
3329,C1
3330,C2
3331,C1
3332,C1
3333,C1
3334,C1
3335,C1
3336,C1
3339,C1
3340,C2
3341,C2
3342,C1
3343,C1
3344,C1
3345,C1
3349,C1
3350,C2
3351,C1
3352,C1
3353,C2
3354,C1
3355,C1
3356,C1
3359,C1
3360,C2
3361,C1
3362,C1
3369,C1
3370,C2
3371,C1
3372,C1
3373,C1
3374,C1
3379,C1
3399,C1
3400,C2
3410,C2
3411,C2
3412,C2
3413,C2
3414,C2
3415,C1
3416,C1
3419,C2
3420,C2
3421,C1
3422,C1
3423,C1
3424,C1
3425,C2
3426,C1
3427,C1
3429,C1
3430,C2
3431,C2
3432,C2
3433,C2
3434,C2
3435,C1
3436,C2
3437,C1
3438,C1
3439,C1
3440,C2
3441,C2
3442,C2
3443,C2
3444,C2
3445,C1
3446,C1
3447,C1
3449,C2
3450,C2
3451,C1
3452,C1
3453,C1
3454,C2
3455,C1
3456,C1
3457,C1
3458,C1
3459,C1
3460,C2
3461,C2
3462,C1
3463,C2
3469,C1
3470,C2
3471,C2
3472,C1
3473,C1
3474,C1
3475,C1
3476,C1
3477,C1
3478,C1
3480,C2
3481,C1
3482,C1
3483,C2
3484,C1
3485,C3
3486,C2
3487,C1
3489,C1
3491,C2
3499,C2
3500,C2
3510,C2
3511,C2
3512,C2
3513,C2
3514,C2
3515,C2
3516,C2
3517,C1
3519,C2
3520,C2
3521,C2
3522,C2
3529,C2
3530,C2
3531,C2
3532,C2
3533,C2
3534,C2
3535,C1
3536,C1
3537,C2
3538,C2
3539,C2
3540,C1
3541,C1
3542,C1
3543,C1
3544,C1
3545,C1
3546,C1
3547,C2
3548,C1
3549,C1
3550,C2
3551,C1
3552,C1
3559,C1
3560,C2
3561,C1
3562,C1
3563,C1
3564,C1
3565,C1
3566,C2
3567,C1
3568,C2
3569,C2
3570,C2
3571,C2
3572,C1
3573,C2
3579,C2
3580,0
3581,C1
3582,C1
3583,C1
3584,C1
3599,C2
3600,C2
3610,C2
3611,C2
3612,C2
3613,C2
3614,C2
3619,C2
3620,C1
3621,C2
3622,C2
3629,C2
3699,C2
3700,C2
3710,C2
3711,C3
3712,C2
3713,C3
3714,C1
3715,C1
3716,C1
3717,C2
3718,C1
3719,C2
3720,C2
3721,C2
3722,C2
3723,C2
3724,C2
3729,C2
3730,C2
3731,C2
3732,C2
3739,C2
3740,C2
3741,C2
3742,C2
3743,C2
3744,C3
3745,C1
3746,C1
3749,C1
3750,C2
3751,C1
3752,C1
3753,C1
3754,C2
3755,C2
3759,C2
3760,C2
3761,C2
3762,C2
3763,C2
3764,C1
3765,C2
3766,C2
3767,C2
3768,C2
3769,C2
3770,C2
3771,C1
3772,C2
3773,C2
3774,C2
3775,C2
3776,C2
3777,C1
3778,C1
3779,C2
3780,C2
3781,C2
3782,C2
3783,C2
3784,C2
3785,C2
3786,C2
3787,C2
3789,C2
3790,C2
3791,C1
3792,C1
3795,C2
3796,C4
3797,C4
3798,C2
3799,C2
3800,C2
3810,C2
3811,C1
3812,C1
3813,C1
3814,C1
3815,C1
3816,C1
3817,C1
3819,C1
3820,C2
3821,C2
3822,C2
3823,C2
3824,C2
3825,C1
3826,C1
3827,C1
3828,C1
3829,C2
3830,C2
3831,C2
3832,C1
3833,C1
3834,C2
3835,C1
3839,C2
3840,C2
3841,C2
3842,C1
3843,C1
3844,C1
3845,C3
3846,C1
3849,C2
3850,C2
3851,C3
3852,C3
3853,C3
3854,C3
3855,C2
3856,C2
3857,C1
3858,C1
3859,C2
3860,0
3861,C2
3862,C2
3863,C2
3864,C2
3900,C2
3910,C2
3911,C1
3912,C1
3913,C1
3914,C1
3919,C1
3920,C2
3921,C1
3922,C1
3923,C1
3924,C1
3925,C1
3926,C1
3927,C1
3928,C1
3929,C1
3930,C2
3931,C1
3932,C1
3933,C1
3934,C1
3935,C1
3936,C1
3937,C1
3938,C1
3939,C2
3940,C2
3941,C1
3942,C1
3943,C1
3944,C1
3945,C1
3946,C1
3949,C1
3950,C2
3951,C1
3952,C1
3953,C1
3959,C1
3960,C2
3961,C2
3962,C2
3963,C2
3969,C2
3970,C2
3971,C2
3972,C2
3973,C2
3974,C1
3975,C1
3976,C1
3977,C1
3978,C1
3979,C2
3980,C2
3981,C1
3982,C1
3983,C1
3984,C1
3985,C1
3986,C1
3987,C1
3989,C2
3999,C2
4000,C2
4100,C2
4110,C2
4111,C3
4112,C3
4113,C3
4114,C3
4115,C3
4116,C3
4119,C3
4120,C2
4121,C3
4122,C3
4123,C3
4124,C3
4125,C3
4126,C3
4127,C3
4129,C3
4130,C2
4131,C3
4132,C3
4133,C3
4134,C3
4135,C3
4136,C3
4137,C3
4138,C2
4139,C3
4140,C2
4141,C2
4142,C2
4149,C2
4150,C2
4151,C3
4152,C3
4153,C3
4154,C3
4155,C3
4156,C3
4157,C3
4158,C3
4159,C3
4199,C2
4200,C2
4210,C2
4211,C3
4212,C3
4213,C3
4214,C3
4215,C3
4219,C3
4220,C2
4221,C3
4222,C3
4223,C3
4229,C3
4230,C2
4231,C3
4232,C3
4233,C3
4239,C3
4240,C2
4241,C2
4249,C2
4299,C2
4300,C2
4310,C2
4311,C3
4312,C3
4313,C3
4319,C3
4320,C2
4321,C3
4322,C2
4323,C2
4324,C3
4329,C2
4330,C2
4331,C3
4332,C2
4333,C3
4334,C2
4335,C3
4336,C2
4337,C3
4338,C2
4339,C2
4340,C2
4341,C3
4342,C2
4343,C2
4344,C3
4349,C2
4350,C2
4351,C3
4352,C2
4353,C2
4354,C3
4359,C2
4360,C2
4361,C3
4362,C2
4363,C2
4364,C3
4369,C2
4370,C2
4371,C3
4372,C3
4373,C2
4374,C3
4375,C2
4376,C3
4377,C3
4378,C3
4379,C2
4380,C2
4381,C3
4382,C3
4383,C3
4384,C3
4385,C3
4386,C3
4387,C3
4388,C2
4389,C3
4390,0
4391,C3
4392,C2
4393,C2
4394,C2
4399,C2
4400,C2
4410,C2
4411,C3
4412,C3
4413,C2
4414,C2
4415,C2
4416,C2
4417,C3
4418,C2
4419,C2
4420,C2
4421,C3
4422,C3
4423,C3
4429,C3
4430,C2
4431,C3
4432,C3
4435,C3
4440,C2
4441,C1
4442,C1
4443,C1
4444,C2
4445,C1
4446,C1
4447,C1
4448,C2
4449,C1
4499,C2
4500,C2
4510,C2
4511,C3
4512,C3
4513,C3
4514,C2
4515,C3
4516,C3
4517,C3
4519,C3
4520,C2
4521,C3
4522,C3
4523,C3
4524,C3
4525,C3
4529,C3
4530,C2
4531,C3
4532,C3
4533,C2
4534,C2
4535,C3
4536,C2
4537,C3
4538,C3
4539,C2
4540,C2
4541,C3
4542,C3
4543,C2
4544,C2
4545,C3
4546,C2
4547,C3
4548,C3
4549,C2
4550,C2
4551,C2
4552,C2
4553,C3
4554,C2
4555,C2
4556,C3
4557,C2
4558,C2
4559,C2
4560,C2
4561,C3
4562,C1
4563,C2
4564,C2
4565,C3
4566,C1
4569,C2
4570,C2
4571,C3
4572,C3
4573,C3
4574,C3
4575,C3
4576,C3
4577,C1
4578,C3
4579,C3
4580,C2
4581,C3
4582,C2
4583,C2
4584,C3
4589,C2
4590,C2
4591,C2
4592,C2
4599,C2
4600,C2
4610,C2
4611,C2
4612,C2
4613,C2
4614,C2
4615,C2
4616,C2
4619,C2
4620,C2
4621,C2
4622,C2
4623,C2
4624,C2
4625,C2
4626,C2
4629,C2
4630,0
4631,C3
4632,C3
4633,C3
4634,C3
4635,C3
4636,C3
4638,C2
4700,C2
4710,C2
4711,C2
4712,C2
4713,C2
4719,C2
4720,C2
4721,C2
4722,C2
4729,C2
4730,C2
4731,C2
4732,C2
4733,C2
4734,C2
4735,C2
4736,C2
4737,C2
4738,C2
4739,C2
4740,C2
4741,C2
4742,C2
4749,C2
4750,C2
4751,C2
4752,C2
4759,C2
4760,C2
4761,C2
4762,C2
4769,C2
4770,C2
4771,C2
4772,C2
4773,C2
4774,C2
4775,C2
4779,C2
4800,C2
4810,C2
4811,C2
4812,C2
4813,C2
4814,C2
4815,C2
4816,C2
4819,C2
4820,C2
4821,C2
4822,C2
4823,C2
4829,C2
4900,C2
4930,C2
4931,C2
4932,C2
4933,C2
4934,C2
4935,C2
4936,C2
4939,C2
4940,C2
4941,C2
4942,C2
4943,C2
4944,C2
4945,C2
4946,C2
4949,C2
4990,0
4998,C2
4999,C2
5000,C2
5100,C2
5110,C2
5111,C3
5112,C3
5113,C3
5114,C3
5115,C3
5116,C3
5119,C3
5120,C2
5121,C3
5122,C3
5123,C3
5124,C3
5125,C3
5126,C3
5127,C2
5128,C3
5129,C3
5130,C2
5131,C1
5132,C1
5133,C1
5134,C2
5135,C2
5136,C2
5137,C1
5138,C1
5139,C1
5140,0
5141,C3
5142,C3
5143,C3
5144,C3
5145,C1
5150,0
5151,C3
5152,C3
5199,C2
5200,C2
5210,C2
5211,C4
5212,C3
5213,C3
5214,C3
5215,C3
5216,C2
5219,C3
5220,C2
5221,C3
5222,C3
5223,C2
5224,C3
5225,C3
5226,C3
5229,C2
5230,C2
5231,C4
5232,C4
5233,C4
5234,C3
5235,C1
5236,C2
5239,C2
5299,C2
5810,C1
5811,C2
5812,C1
5813,C1
5814,C1
5815,C1
5816,C1
5817,C1
5819,C1
5820,C1
5821,C2
5822,C1
5823,C3
5824,C2
5825,C2
5830,C1
5831,C1
5832,C1
5833,C1
5834,C1
5839,C1
5851,C1
5852,C1
5853,C1
5854,C1
5855,C3
5856,C3
5857,C3
5858,C1
5859,C1
5861,C2
5862,C2
5863,C2
5910,C2
5911,C3
5912,C3
5913,C3
5914,C3
5915,C3
5920,C2
5921,C3
5922,C3
5923,C3
5924,C3
5925,C3
5929,C3
5930,C2
5931,C3
5932,C3
5933,C3
5934,C3
5935,C3
5936,C2
5937,C3
5939,C3
5940,C2
5941,C3
5942,C3
5943,C3
5944,C3
5945,C3
5949,C3
5950,C2
5951,C2
5952,C2
5953,C2
5954,C3
5955,C2
5956,C2
5960,C2
5961,C2
5962,C2
5963,C2
5964,C2
5970,C2
5980,C2
5981,C3
5982,C3
5983,C2
5984,C2
5985,C2
5986,C1
5987,C1
5988,C1
5990,C2
5991,C3
5992,C3
5993,C3
5994,C3
5995,C3
5996,C3
5997,C3
5998,C3
5999,C2
6000,C2
6100,C2
6110,C2
6111,C2
6112,C1
6119,C2
6120,C2
6121,C2
6122,C1
6123,C1
6124,C2
6125,C1
6126,C2
6129,C2
6130,C2
6131,C1
6132,C2
6133,C2
6134,C1
6135,C1
6136,C2
6139,C2
6199,C2
6200,C2
6210,C2
6211,C2
6212,C2
6213,C2
6214,C2
6215,C2
6219,C2
6220,C2
6221,C1
6222,C2
6223,C1
6224,C1
6229,C2
6230,C2
6231,C2
6239,C2
6240,C1
6241,C1
6242,C1
6243,C2
6244,C2
6245,C2
6246,C2
6249,C1
6299,C2
6300,C2
6310,C2
6311,C3
6312,C2
6313,C2
6314,C2
6315,C2
6316,C2
6319,C2
6320,C2
6321,C2
6322,C2
6323,C2
6324,C2
6329,C2
6330,C2
6331,C2
6332,C1
6333,C2
6334,C2
6335,C1
6336,C2
6337,C2
6338,C2
6339,C1
6340,C2
6341,C3
6342,C1
6349,C2
6350,C2
6351,C2
6352,C1
6353,C2
6354,C2
6355,C2
6356,C2
6359,C2
6360,C2
6361,C2
6362,C2
6363,C2
6369,C2
6370,C2
6371,C2
6372,C3
6373,C2
6374,C1
6375,C1
6376,C1
6377,C1
6378,C1
6379,C2
6380,C2
6381,C1
6382,C1
6383,C1
6384,C1
6385,C2
6389,C2
6390,0
6391,C3
6392,C2
6393,C2
6394,C2
6395,C2
6396,C1
6397,C1
6398,C2
6399,C2
6400,C2
6410,C2
6411,C2
6412,C2
6413,C2
6414,C2
6415,C2
6419,C2
6420,C2
6421,C2
6422,C2
6423,C2
6424,C2
6425,C2
6426,C2
6427,C2
6429,C2
6430,C2
6431,C2
6432,C2
6433,C2
6434,C2
6435,C2
6436,C2
6439,C2
6440,C2
6441,C2
6442,C2
6443,C2
6444,C2
6449,C2
6499,C2
6500,C2
6510,C2
6511,C2
6512,C2
6513,C2
6519,C2
6520,C2
6521,C1
6522,C1
6523,C2
6529,C2
6530,C2
6531,C2
6532,C1
6539,C2
6540,C2
6541,C2
6542,C2
6543,C2
6544,C2
6545,C2
6546,C2
6547,C2
6549,C2
6550,C2
6551,C2
6552,C1
6553,C2
6554,C2
6555,C2
6559,C2
6560,C2
6561,C2
6562,C2
6563,C1
6564,C2
6569,C2
6570,C2
6571,C2
6572,C1
6573,C2
6574,C2
6575,C2
6579,C1
6599,C2
6600,C2
6610,C2
6611,C1
6612,C1
6613,C1
6614,C2
6615,C2
6616,C2
6617,C1
6619,C2
6700,C2
6710,C2
6711,C2
6712,C2
6713,C2
6714,C1
6715,C1
6716,C1
6717,C2
6719,C2
6730,C2
6731,C2
6732,C2
6733,C2
6734,C2
6735,C2
6736,C2
6737,C2
6738,C1
6739,C2
6750,C2
6751,C1
6752,C2
6753,C2
6754,C2
6755,C1
6756,C1
6757,C1
6758,C1
6759,C2
6770,C2
6771,C1
6772,C2
6773,C2
6774,C2
6775,C2
6776,C2
6777,C1
6778,C1
6779,C2
6800,C2
6810,C2
6811,C1
6812,C1
6813,C1
6814,C1
6815,C2
6819,C2
6820,C2
6821,C2
6822,C1
6823,C2
6824,C2
6825,C2
6829,C2
6830,C2
6831,C1
6832,C2
6833,C1
6834,C2
6835,C1
6836,C2
6837,C2
6839,C1
6840,C2
6841,C2
6842,C2
6843,C2
6844,C2
6845,C2
6846,C2
6848,C3
6849,C1
6850,C2
6851,C3
6852,C3
6853,C2
6854,C2
6855,C2
6856,C3
6857,C3
6859,C1
6860,C2
6861,C2
6862,C2
6863,C3
6864,C3
6865,C3
6866,C3
6867,C3
6868,C3
6869,C1
6870,C2
6871,C2
6872,C1
6873,C2
6874,C1
6875,C1
6876,C2
6879,C2
6910,C1
6911,C2
6912,C2
6913,C2
6914,C2
6915,C2
6916,C2
6917,C1
6921,C4
6922,C3
6923,C3
6924,C4
6999,C2
7000,C2
7100,C2
7110,C2
7111,C4
7112,C2
7113,C2
7114,C2
7115,C3
7116,C2
7117,C2
7119,C2
7120,C2
7121,C3
7122,C3
7123,C3
7124,C3
7125,C3
7126,C2
7127,C1
7128,C2
7129,C2
7130,C2
7131,C3
7132,C3
7133,C2
7134,C2
7135,C2
7136,C2
7137,C2
7138,C3
7139,C3
7140,C2
7141,C2
7142,C2
7143,C1
7144,C1
7145,C1
7146,C1
7147,C1
7148,C2
7149,C2
7150,C2
7151,C1
7152,C1
7153,C1
7154,C2
7155,C1
7156,C2
7157,C1
7158,C1
7159,C1
7160,C2
7161,C2
7162,C3
7163,C2
7164,C1
7165,C1
7166,C1
7167,C2
7168,C2
7169,C1
7170,C2
7171,C1
7172,C1
7173,C1
7179,C1
7180,C2
7181,C2
7182,C2
7183,C2
7184,C2
7185,C3
7186,C1
7187,C1
7188,C1
7189,C2
7190,C2
7191,C2
7192,C1
7193,C2
7194,C1
7198,C2
7199,C2
7200,C2
7210,C2
7211,C3
7212,C1
7213,C3
7214,C1
7215,C3
7216,C3
7219,C3
7220,C2
7221,C3
7222,C3
7223,C3
7229,C1
7299,C2
7300,C2
7310,C2
7311,C1
7312,C1
7313,C1
7314,C2
7315,C2
7319,C1
7320,C2
7321,C2
7322,C2
7323,C2
7324,C2
7325,C2
7329,C2
7330,C2
7331,C1
7332,C1
7333,C3
7334,C3
7335,C3
7336,C2
7337,C2
7338,C1
7339,C2
7340,C2
7341,C3
7342,C3
7350,C2
7351,C1
7352,C2
7353,C1
7354,C1
7355,C1
7356,C1
7357,C1
7358,C2
7359,C2
7370,C2
7371,C1
7372,C1
7373,C1
7374,C2
7375,C2
7376,C2
7377,C1
7378,C1
7379,C2
7380,0
7381,C2
7384,C1
7385,C2
7386,C1
7387,0
7388,0
7389,0
7399,C2
7400,C2
7410,C2
7411,C1
7412,C2
7419,C2
7420,C2
7421,C2
7422,C2
7423,C3
7424,C3
7425,C3
7426,C3
7427,C3
7428,C1
7429,C2
7430,C2
7431,C2
7439,C1
7440,C2
7441,C1
7442,C2
7443,C2
7444,C1
7450,0
7451,C3
7452,C3
7453,C2
7454,C2
7455,C2
7461,C2
7462,C2
7463,C2
7464,C2
7465,C2
7466,C2
7467,C2
7468,C2
7469,C1
7499,C1
7500,C2
7510,C2
7511,C4
7512,C3
7513,C4
7514,C1
7515,C2
7516,C2
7517,C3
7519,C3
7520,C2
7521,C4
7522,C4
7523,C2
7529,C3
7530,C2
7531,C2
7532,C2
7535,C3
7539,C2
7599,C2
7600,C2
7610,C2
7611,C2
7612,C2
7613,C2
7619,C2
7620,C2
7621,C1
7622,C1
7623,C1
7624,C1
7625,C1
7626,C2
7627,C1
7628,C1
7629,C1
7630,C2
7631,C1
7632,C1
7633,C1
7638,C1
7639,C1
7640,C2
7641,C1
7642,C1
7643,C1
7644,C1
7645,C1
7646,C1
7647,C1
7648,C1
7650,C2
7651,C1
7652,C2
7653,C1
7654,C1
7655,C1
7656,C1
7657,C3
7658,C1
7659,C1
7660,0
7661,C1
7662,C1
7663,C1
7664,C1
7699,C2
7700,C2
7710,C2
7711,C1
7712,C1
7713,C1
7714,C1
7715,C1
7716,C2
7717,C2
7718,C2
7719,C1
7720,C2
7721,C2
7722,C2
7723,C3
7724,C2
7725,C2
7726,C2
7727,C2
7728,C2
7729,C2
7730,C2
7731,C1
7732,C1
7733,C1
7734,C1
7735,C1
7736,C1
7737,C1
7738,C1
7739,C1
7740,C2
7741,C2
7742,C3
7743,C2
7744,C2
7745,0
7749,C2
7750,C2
7751,C2
7752,C2
7753,C1
7754,C2
7755,C2
7756,C1
7757,C3
7758,C1
7759,C2
7770,C2
7771,C1
7772,C1
7773,C1
7774,C1
7775,C1
7776,C1
7779,C2
7780,C2
7781,C2
7782,C2
7783,C2
7784,C2
7785,C2
7786,C1
7787,C2
7788,C1
7789,C2
7800,C2
7810,C2
7811,C3
7812,C2
7813,C2
7814,C1
7815,C1
7816,C1
7817,C1
7819,C2
7830,C2
7831,C2
7832,C1
7833,C1
7839,C2
7850,C2
7851,C1
7852,C1
7853,C1
7854,C2
7855,C1
7859,C2
7870,C2
7871,C3
7872,C1
7873,C2
7874,C1
7879,C2
7880,C2
7881,C2
7882,C2
7883,C2
7884,C1
7885,C2
7889,C2
7900,C2
7910,C2
7911,C2
7912,C2
7913,C2
7914,C2
7915,C1
7916,C1
7917,C1
7918,C3
7919,C2
7920,C2
7921,C1
7922,C1
7923,C1
7924,C1
7925,C1
7930,C2
7931,C2
7932,C1
7933,C1
7934,C2
7935,C2
7939,C2
7940,C2
7941,C2
7942,C2
7943,C2
7944,C1
7945,C2
7946,C2
7947,C1
7948,C1
7950,C2
7951,C2
7952,C2
7953,C2
7954,C2
7955,C1
7956,C1
7957,C1
7958,C3
7960,0
7961,C1
7962,C1
7963,C2
7970,C1
7971,C1
7972,C1
7973,C1
7974,C1
7975,C1
7976,C1
7977,C1
7978,C1
7979,C1
7980,C1
7981,C2
7982,C2
7983,C1
7984,C1
7985,C2
7986,C1
7987,C2
7988,C1
7989,C2
7990,0
7991,C2
7992,C2
7993,C2
7999,C2
8000,C2
8100,C2
8110,C2
8111,C3
8112,C3
8113,C3
8114,C3
8115,C3
8116,C3
8117,C3
8118,C3
8119,C2
8120,C2
8121,C3
8122,C3
8123,C3
8124,C3
8125,C3
8126,C3
8127,C2
8128,C2
8129,C2
8130,C2
8131,C2
8132,C2
8133,C2
8134,C2
8135,C2
8136,C2
8139,C2
8140,C2
8141,C1
8142,C1
8143,C2
8144,C1
8145,C2
8146,C1
8147,C1
8148,C1
8149,C1
8150,C2
8151,C1
8152,C1
8153,C1
8154,C1
8155,C1
8156,C1
8157,C1
8158,C1
8159,C2
8160,C2
8161,C3
8162,C3
8163,C2
8164,C3
8169,C2
8170,C2
8171,C3
8172,C2
8173,C1
8174,C1
8175,C1
8179,C1
8180,C2
8181,C1
8182,C1
8183,C1
8184,C1
8185,C1
8186,C1
8187,C1
8189,C1
8190,C2
8191,C2
8192,C2
8193,C2
8194,C2
8199,C1
8200,C2
8210,C2
8211,C3
8212,C3
8213,C3
8214,C3
8215,C2
8219,C2
8220,C2
8221,C1
8222,C1
8223,C1
8224,C1
8225,C1
8229,C1
8230,C2
8231,C1
8232,C1
8233,C1
8234,C1
8239,C1
8240,C2
8241,C1
8242,C1
8243,C1
8244,C1
8249,C1
8299,C1
8300,C2
8310,C2
8311,C1
8312,C1
8313,C1
8314,C1
8315,C1
8319,C1
8399,C1
8400,C2
8410,C2
8411,C1
8412,C1
8413,C1
8419,C1
8420,C2
8421,C1
8422,C1
8423,C1
8429,C1
8499,C1
8500,C2
8510,C2
8511,C2
8512,C1
8513,C1
8514,C2
8515,C2
8516,C1
8519,C2
8600,C2
8630,C2
8631,C2
8632,C2
8633,C2
8634,0
8639,C2
8900,C2
8910,C2
8911,C2
8912,C2
8913,C2
8914,C2
8915,C2
8916,C2
8917,C2
8918,C2
8919,C2
8920,C2
8921,C2
8922,C2
8923,C2
8924,C2
8929,C2
8930,C2
8931,C2
8932,C2
8939,C2
8940,C2
8941,C2
8942,C2
8943,C2
8944,C2
8945,C2
8946,C2
8947,C2
8949,C2
8999,C2
9000,C2
9001,C3
9002,C3
9003,C1
9004,C1
9005,C1
9006,C1
9007,C1
9008,C1
9009,C1
9010,C2
9011,C1
9012,C1
9013,C1
9014,C1
9015,C1
9016,C1
9017,C1
9018,C1
9019,C1
9021,C1
9022,C1
9023,C1
9024,C1
9025,C1
9026,C1
9027,C1
9028,C1
9029,C1
9031,C1
9032,C1
9033,C1
9034,C1
9035,C1
9036,C1
9037,C1
9038,C1
9041,C1
9042,C1
9043,C1
9044,C1
9045,C1
9046,C1
9047,C1
9048,C1
9049,C1
9051,C1
9052,C1
9053,C1
9054,C3
9055,C3
9056,C3
9057,C3
9058,C1
9059,C3
9061,C1
9062,C1
9063,C1
9064,C2
9065,C2
9066,C2
9067,C3
9068,C3
9069,C3
9071,C2
9072,C1
9073,C1
9074,C2
9075,C2
9076,C1
9077,C2
9078,C2
9079,C2
9081,C2
9082,C3
9083,C2
9084,C2
9085,C2
9086,C1
9091,C1
9092,C1
9093,C1
9094,C1
9095,C1
9096,C1
9097,C1
9100,C2
9101,C1
9102,C1
9103,C1
9104,C3
9105,C3
9106,C3
9107,C3
9108,C3
9109,C3
9110,C2
9111,C2
9112,C1
9113,C2
9114,C1
9115,C1
9116,C2
9117,C2
9118,C1
9119,C1
9120,C2
9121,C1
9122,C1
9123,C1
9124,C1
9125,C2
9126,C2
9127,C1
9128,C1
9129,C1
9130,C2
9131,C1
9132,C1
9133,C1
9134,C1
9135,C1
9136,C1
9137,C2
9138,C1
9139,C1
9141,C2
9142,C2
9143,C2
9144,C2
9145,C2
9146,C2
9147,C2
9148,C2
9150,C2
9151,C1
9152,C1
9153,C1
9154,C1
9155,C1
9156,C1
9157,C1
9158,C1
9160,C2
9161,C2
9162,C2
9163,C2
9164,C2
9165,C2
9166,C2
9167,C1
9168,C1
9171,C1
9172,C1
9173,C1
9174,C1
9175,C1
9176,C1
9177,C1
9178,C1
9179,C1
9180,C2
9181,C1
9182,C2
9183,C1
9184,C1
9185,C1
9186,C1
9187,C1
9190,C2
9191,C1
9192,C2
9193,C1
9195,C2
9196,C2
9197,C1
9198,C1
9199,C1
9200,C2
9201,C1
9202,C3
9203,C3
9204,C1
9205,C3
9206,C1
9210,C2
9211,C1
9212,C1
9213,C1
9214,C2
9215,C1
9216,C1
9217,C1
9218,C2
9220,C2
9221,C2
9222,C3
9223,C1
9224,C1
9225,C1
9226,C1
9227,C1
9228,C1
9229,C2
9230,C2
9231,C1
9232,C2
9233,C1
9234,C1
9235,C1
9236,C1
9237,C2
9238,C2
9239,C1
9240,C2
9241,C1
9242,C1
9243,C1
9244,C1
9245,C2
9246,C1
9247,C1
9248,C3
9249,C1
9250,C2
9251,C1
9252,C1
9253,C1
9254,C1
9255,C1
9256,C1
9257,C1
9258,C1
9259,C1
9260,C2
9261,C1
9262,C1
9263,C1
9264,C1
9265,C2
9266,C2
9267,C2
9268,C2
9269,C1
9270,C2
9271,C1
9272,C1
9273,C1
9274,C1
9275,C1
9276,C1
9277,C1
9278,C2
9279,C1
9280,C2
9281,C1
9282,C1
9283,C1
9284,C1
9285,C2
9286,C2
9287,C2
9288,C2
9290,0
9291,C2
9292,C2
9293,C2
9294,C2
9295,C2
9296,C2
9297,C2
9298,C2
9299,NA
9300,C2
9301,C1
9302,C1
9303,C1
9305,C1
9306,C1
9307,C1
9308,C1
9309,C1
9310,C2
9311,C1
9312,C1
9313,C1
9314,C1
9315,C1
9316,C2
9317,C1
9318,C1
9319,C1
9320,0
9321,C2
9322,C2
9323,C2
9324,C2
9325,C2
9326,C2
9327,C2
9328,C2
9330,C2
9331,C1
9332,C1
9333,C1
9334,C1
9335,C1
9336,C1
9337,C1
9338,C1
9339,C1
9340,C2
9341,C1
9342,C1
9343,C1
9344,C2
9345,C2
9346,C2
9347,C2
9348,C2
9349,C2
9350,C2
9351,C1
9352,C1
9353,C2
9354,C1
9355,C1
9356,C1
9360,0
9361,C3
9362,C2
9363,C1
9364,C1
9365,C2
9366,C1
9367,C2
9368,C2
9369,C2
9370,0
9371,C2
9372,C3
9373,C1
9374,C2
9375,C3
9376,C2
9377,C1
9378,C2
9379,C1
9380,C2
9381,C1
9382,C1
9383,C2
9384,C1
9385,C2
9386,C1
9389,NA
9391,C2
9392,C2
9393,C2
9394,C3
9395,C2
9396,C3
9397,C2
9398,C1
9399,C1
9400,C2
9401,C1
9402,C1
9403,C1
9404,C1
9405,C1
9406,C1
9407,C1
9408,C1
9410,C2
9411,C1
9412,C1
9413,C1
9414,C1
9415,C1
9416,C1
9417,C1
9418,C1
9430,C2
9431,C1
9432,C1
9433,C1
9434,C2
9435,C2
9436,C1
9437,C1
9438,C1
9450,C2
9451,C1
9452,C1
9453,C1
9454,C1
9455,C2
9456,C2
9457,C2
9458,C1
9470,C2
9471,C2
9472,C2
9473,C1
9474,C1
9475,C1
9476,C1
9477,C2
9478,C1
9482,C1
9483,C1
9484,C1
9485,C1
9486,C1
9487,C1
9500,C2
9510,C2
9511,C2
9512,C1
9513,C1
9514,C1
9515,C1
9516,C1
9517,C1
9518,C2
9530,C2
9531,C2
9532,C1
9533,C1
9534,C1
9535,C1
9536,C2
9537,C1
9550,C2
9551,C1
9552,C1
9553,C1
9554,C2
9555,C2
9556,C2
9557,C1
9558,C1
9559,C1
9560,C2
9561,C1
9562,C1
9563,C1
9564,C1
9565,C1
9580,C2
9581,C1
9582,C1
9583,C1
9584,C1
9585,C2
9586,C2
9587,C1
9600,C2
9610,C2
9611,C1
9612,C1
9613,C1
9614,C1
9615,C3
9616,C1
9617,C1
9618,C1
9619,C1
9630,C2
9631,C1
9632,C2
9633,C1
9634,C2
9640,C2
9641,C1
9642,C1
9643,C1
9644,C1
9645,C1
9646,C1
9647,C1
9648,C1
9649,C1
9660,C2
9661,C1
9662,C1
9663,C2
9664,C1
9665,C1
9666,C2
9670,C2
9671,C1
9672,C1
9673,C2
9674,C2
9680,C2
9681,C2
9682,C3
9683,C2
9684,C3
9685,C2
9689,C1
9690,C2
9691,C2
9692,C2
9693,C2
9694,C2
9695,C2
9696,C2
9697,C2
9698,C1
9699,C2
9700,C2
9710,C2
9711,C2
9712,C3
9713,C2
9714,C2
9715,C2
9716,C1
9720,C2
9721,C1
9722,C1
9723,C1
9724,C1
9725,C1
9726,C1
9727,C1
9730,C2
9731,C3
9732,C3
9733,C3
9734,C2
9735,C2
9736,C2
9737,C2
9738,C2
9739,C2
9740,0
9741,C2
9750,C2
9751,C2
9752,C2
9753,C1
9754,C1
9755,C1
9756,C1
9757,C2
9758,C2
9759,C1
9760,C2
9761,C2
9762,C2
9763,C2
9764,C1
9765,C2
9766,C1
9767,C1
9768,C1
9770,C2
9771,C3
9772,C3
9773,C3
9774,C3
9775,C3
9776,C3
9777,C3
9778,C2
9779,C2
9780,C2
9781,C2
9782,C2
9783,C1
9784,C2
9785,C2
9786,C1
9787,C2
9789,0
9790,C2
9791,C2
9792,C1
9793,C1
9794,C1
9795,C1
9796,C1
9797,C1
9798,C2
9799,C1
9800,C2
9801,C1
9802,C1
9810,C2
9811,C1
9812,C1
9813,C1
9814,C1
9820,0
9821,C1
9822,C1
9823,C1
9824,C1
9830,0
9831,C3
9832,C1
9833,C2
9839,C1
9840,0
9841,C1
9845,C1
9846,C1
9849,C1
9850,0
9851,C1
9855,C2
9860,0
9861,C2
9862,C2
9863,C2
9864,C2
9865,C1
9870,0
9871,C1
9872,C1
9873,C1
9874,C3
9875,C3
9876,C3
9877,C3
9878,C3
9879,C1
9880,C2
9881,C1
9882,C3
9883,C1
9884,C1
9885,C1
9886,C1
9887,C1
9900,C2
9901,C1
9902,C1
9909,C1
9910,0
9911,C2
9912,C2
9919,C3
9920,0
9921,C1
9922,C1
9923,C3
9924,C3
9925,C3
9926,C3
9927,C1
9928,C1
9929,C1
9931,C2
9932,C3
9933,C2
9934,C3
9935,C2
9936,C2
9937,C3
9938,C2
9939,C1
9941,C3
9942,C1
9943,C2
9944,C1
9990,C2
9999,C1
A100,C2
A101,C2
A102,C2
A103,C3
A104,C3
A105,C3
A106,C3
A107,C3
A108,C3
A109,C2
A110,C3
A111,C3
A112,C3
A113,C3
A114,C3
A130,C3
A200,C2
A201,C1
A202,C1
A203,C1
A204,C2
A205,C2
A206,C2
A207,C2
A208,C3
A209,C3
A210,C3
A211,C3
A213,C2
A300,C2
A301,C2
A302,C2
A303,C3
A304,C3
A305,C2
A306,C1
A307,C1
A308,C1
A309,C2
A310,C2
A311,C1
A312,C1
A313,C1
A314,C2
A315,C2
A316,C1
A317,C1
A318,C2
A319,C1
A320,C2
A321,C2
A322,C2
A323,C2
A324,C2
A325,C1
A326,C2
A327,C2
A328,C1
A329,C1
A330,C3
A331,C3
A332,C3
A333,C3
A334,C3
A335,C3
A400,C2
A401,C2
A402,C2
A403,C1
A404,C1
A405,C2
A406,C3
A407,C3
A408,C3
A409,C3
A430,C3
A431,C3
A432,C3
A433,C3
A434,C3
A500,C2
A501,C2
A502,C2
A503,C2
A504,C2
A505,C2
A506,C2
A507,C2
A514,C2
A515,C2
A516,C2
A517,C2
A518,C2
A519,C2
A520,C2
A521,C2
A522,C2
A523,C1
A524,C1
A530,C3
A531,C3
A532,C3
A533,C3
A601,C2
A602,C2
A603,C3
A604,C3
A605,C3
A606,C3
A607,C3
A608,C3
A609,C2
A610,C3
A611,C3
A612,C3
A613,C3
A614,C3
A615,C3
A616,C2
A617,C1
A618,C2
A619,C1
A620,C1
A621,C1
A622,C2
A623,C1
A624,C1
A625,C2
A626,C1
A627,C2
A628,C2
A629,C3
A630,C3
A631,C3
A632,C3
A633,C2
A634,C2
A635,C2
A636,C2
A637,C2
A638,C2
A639,C2
A640,C3
A641,C3
A642,C3
A643,C2
A644,C3
A645,C3
A646,C2
A647,C3
A648,C2
A649,C2
A650,C1
A651,C2
A652,C3
A653,C3
A654,C3
A655,C3
A656,C3
A657,C3
A658,C3
A659,C3
A660,C2
A661,C1
A662,C2
A663,C1
A664,C2
A665,C1
A666,C2
A667,C1
A668,NA
A669,C3
A670,C3
B100,C2
B101,C1
B102,C1
B103,C1
B104,C1
B105,C1
B106,C1
B107,C1
B108,C1
B109,C1
B110,C1
B111,C1
B112,C1
B113,C1
B114,C1
B115,C1
B116,C1
B117,C1
B118,C1
B119,C1
B120,C1
B121,C1
B122,C1
B123,C1
B124,C1
B125,C1
B126,C1
B127,C1
B128,C1
B129,C1
B130,C1
B131,C2
B132,C1
B133,C3
B134,C1
B135,C1
B136,C1
B137,C1
B138,C1
B139,C1
B140,C1
B141,C1
B142,C2
B143,C2
B144,C2
B145,C2
B146,C3
B147,C1
B148,C1
B149,C3
B150,C3
B151,C1
B152,C1
B153,C2
B154,C2
B155,C2
B156,C3
B157,C1
B158,C2
B159,C3
B160,C3
B161,C2
B162,C3
B163,C3
B164,C3
B165,C2
B166,C3
B167,C3
B168,C4
B169,C3
B170,C3
B171,C1
B172,C1
B173,C2
B174,C1
B175,C3
B176,C3
B177,C3
B178,C3
B179,C3
B180,C1
B181,C2
B182,C3
B183,C1
B184,C1
B185,C1
B186,C1
B187,C1
B188,C1
B189,C1
B190,C1
B191,C1
B192,C1
B193,C2
B194,C2
B195,C2
B196,C2
B197,C1
B198,C1
B199,C1
B200,C2
B201,C1
B202,C1
B203,C2
B204,C3
B205,C2
B206,C3
B207,C3
B208,C1
B209,C1
B210,C1
B211,C1
B212,C1
B213,C1
B214,C1
B215,C1
B216,C1
B217,C1
B220,C1
B221,C1
B222,C1
B223,C1
B224,C1
B300,C2
B301,C1
B302,C1
B303,C1
B304,C1
B305,C1
B306,C1
B307,C1
B308,C1
B309,C1
B400,C2
B401,C1
B402,C1
B403,C1
B404,C1
B405,C1
B406,C1
B407,C1
B408,C1
B500,C2
B501,C1
B600,C2
B601,C1
B700,C2
B701,C1
B800,C2
B801,C1
B802,C2
B803,C2
B900,C1
B901,C1
C100,C2
C101,C1
C102,C1
C103,C1
C104,C1
C105,C1
C106,C1
C107,C1
C108,C1
C109,C1
C110,C1
C111,C1
C112,C1
C113,C1
C114,C1
C115,C1
C116,C1
C117,C1
C200,C2
C201,C1
C202,C1
C203,C1
C204,C1
C205,C1
C206,C1
C207,C1
C208,C1
C209,C1
C210,C1
C211,C1
C212,C1
C213,C1
C214,C1
C300,C2
C301,C1
C302,C1
C303,C1
C304,C1
C305,C1
C306,C1
C400,C2
C401,C1
C402,C1
C403,C1
C404,C1
C405,C1
C406,C1
C407,C1
C408,C1
C409,C1
C410,C1
C500,C2
C501,C1
C800,C2
C801,C1
C900,C2
C901,C1
D100,C2
D101,C2
D102,C3
D103,C3
D104,C3
D105,C3
D200,C2
D201,C2
D202,C3
D203,C3
D204,C2
D205,C3
D206,C3
D207,C3
D300,C2
D301,C2
D302,C3
D303,C3
D350,C2
D351,C2
D352,C1
D353,C3
D354,C3
D355,C2
D356,C2
D357,C3
D358,C3
D359,C1
D360,C1
D361,C3
D362,C3
D363,C3
D364,C3
D365,C3
D366,C3
D367,C3
D368,C3
D369,C2
D370,C2
D371,C3
D372,C3
D373,C3
D374,C3
D375,C1
D376,C1
D400,C2
D401,C1
D402,C1
D403,C1
D404,C1
D405,C1
D406,C1
D500,C2
D501,C1
D502,C1
D503,C2
D504,C3
D505,C3
D506,C3
D507,C3
D508,C3
D509,C3
D510,C3
D511,C1
D512,C1
D513,C3
D514,C3
D515,C3
D516,C3
D517,C3
D518,C3
D519,C2
D520,C2
D521,C2
D522,C2
D523,C2
D524,C2
D525,C3
D526,C3
D600,C2
D601,C1
D602,C1
D603,C1
D604,C1
D605,C1
D606,C1
D607,C1
D608,C1
D609,C1
D610,C1
D611,C1
D700,C2
D701,C1
D702,C1
D703,C1
D704,C1
D705,C1
D706,C1
D707,C1
D708,C1
D709,C1
D710,C1
D711,C1
D712,C1
D713,C1
D714,C1
D715,C1
D716,C1
D717,C1
D718,C1
D719,C1
D720,C1
D721,C1
D722,C1
D723,C1
D724,C1
D725,C1
D726,C1
D727,C1
D800,C2
D801,C1
D802,C1
D803,C1
D804,C1
D805,C1
D806,C1
D807,C1
D808,C1
D809,C1
D810,C1
D811,C1
D812,C1
D813,C1
D900,C2
D901,C1
D902,C1
D903,C1
D904,C1
D905,C1
D906,C1
D907,C1
D908,C1
D909,C1
D910,C1
D911,C1
E100,C2
E101,C1
E102,C1
E103,C1
E200,C2
E201,C1
E300,C2
E301,C1
E302,C1
E396,C1
E400,C2
E401,C1
E500,C2
E501,C1
E550,C1
E600,C2
E601,C1
E602,C1
E603,C1
E604,C1
E605,C1
E606,C1
E607,C1
E608,C1
E700,C2
E701,C1
E702,C1
E703,C1
E704,C1
E705,C1
E706,C1
E707,C1
E708,C1
E709,C1
E710,C1
E711,C1
E712,C1
E713,C1
E714,C1
E715,C1
E716,C1
E717,C1
E718,C1
E719,C1
E720,C1
E721,C1
E722,C1
E723,C1
E724,C1
E725,C1
E726,C1
E727,C1
E740,C1
E741,C1
E800,C2
E801,C1
E802,C1
E803,C1
E804,C1
E805,C1
E806,C1
E807,C1
E808,C1
E809,C1
E810,C1
E811,C1
E812,C1
E813,C1
E814,C1
E815,C1
E816,C1
E817,C1
E818,C1
E819,C1
E820,C1
E821,C1
E822,C1
E823,C1
E824,C1
E825,C1
E826,C1
E827,C1
E828,C1
E829,C1
E830,C1
E831,C1
E832,C1
E833,C1
E834,C1
E835,C1
E836,C1
E837,C1
E838,C1
E839,C1
E840,C1
E841,C1
E842,C1
E843,C1
E844,C1
E845,C1
E846,C1
E847,C1
E848,C1
E849,C1
E850,C1
E851,C1
E852,C1
E853,C1
E854,C1
E855,C1
E856,C1
E857,C1
E858,C1
E859,C1
E860,C1
E861,C1
E862,C1
E863,C1
E864,C1
E865,C1
E866,C1
E867,C1
E868,C1
E869,C1
E870,C1
E871,C1
E872,C1
E873,C1
E874,C1
E875,C1
E876,C1
E877,C1
E878,C1
E879,C1
E880,C1
E881,C1
E882,C1
E883,C1
E884,C1
E885,C1
E886,C1
E887,C1
E888,C1
E889,C1
E890,C1
E891,C1
E892,C1
E893,C1
E894,C1
E895,C1
E896,C1
E897,C1
E898,C1
E899,C1
E900,C1
E901,C1
E902,C1
E903,C1
E904,C1
E905,C1
E906,C1
E907,C1
E908,C1
E909,C1
E910,C1
E911,C1
E912,C1
E913,C1
E914,C1
E915,C1
E916,C1
E917,C1
E918,C1
E919,C1
E920,C1
E921,C1
E922,C1
E923,C1
E924,C1
E925,C1
E926,C1
E927,C1
E928,C1
E929,C1
E930,C1
E931,C1
E932,C1
E933,C1
E934,C1
E935,C1
E936,C1
E937,C1
E938,C1
E939,C1
E940,C1
E941,C1
E942,C1
E943,C1
E944,C1
E945,C1
E946,C1
E947,C1
E948,C1
E949,C1
E950,C1
E951,C1
E952,C1
E953,C1
E954,C1
E955,C1
E956,C1
E957,C1
E958,C1
E959,C1
E960,C1
E961,C1
E962,C1
E963,C1
E964,C1
E965,C1
E966,C1
E967,C1
E968,0
E969,0
E970,C1
E971,C1
E972,C1
E973,C1
E974,C1
E975,C1
E976,C1
E977,C1
E978,C1
E979,C1
E980,C1
E981,C1
E982,C1
E983,C1
E984,C1
E985,C1
E986,C1
E990,C1
E991,C1
E992,C1
F100,C2
F101,C1
F102,C1
F103,C1
F104,C1
F105,C1
F106,C1
F107,C1
F108,C1
F109,C1
F110,C1
F111,C1
F112,C1
F113,C1
F114,C1
F115,C1
F116,C1
F117,C1
F118,C1
F119,C1
F120,C1
F121,C1
F122,C1
F123,C1
F200,C1
F201,C1
F202,C1
F203,C1
F204,C1
F205,C1
F206,C1
F207,C1
F208,C1
F209,C1
F210,C1
F211,C1
F212,C1
F213,C1
F214,C1
F215,C1
F216,C1
F217,C1
F218,C1
F219,C1
F220,C1
F221,C1
F222,C1
F223,C1
F224,C1
F225,C1
F226,C1
F300,C1
F301,C1
F400,C1
F401,C1
F402,C1
F403,C1
F404,C1
F405,C1
F500,C1
F501,C1
F502,C1
F503,C1
F504,C1
F505,C1
F600,C1
F601,C1
F602,C1
F603,C1
F604,C1
F605,C1
F606,C1
F607,C1
F608,C1
F609,C1
F610,C1
F650,C1
F651,C1
F652,C1
F653,C1
F654,C1
F655,C1
F656,C1
F657,C1
F658,C1
F659,C1
F660,C1
F661,C1
F662,C1
F663,C1
F664,C1
F666,C1
F667,C1
F668,C1
F669,C1
F670,C1
F671,C1
F672,C1
F673,C1
F674,C1
F675,C1
F676,C1
F677,C1
F678,C1
F679,C1
F680,C1
F909,C1
G100,C1
G101,C1
G200,C1
G201,C1
G202,C1
G300,C1
G301,C1
G302,C1
G400,C1
G401,C1
G500,C1
G501,C1
G600,C1
G601,C1
G700,C1
G701,C1
G702,C1
G703,C1
G802,C1
G803,C1
G804,C1
G805,C1
G806,C1
G807,C1
G808,C1
G809,C1
G810,C1
G900,NA
G901,NA
G902,NA
G903,NA
G904,NA
G905,NA
H100,C1
H101,C1
H102,C1
H103,C1
H120,C1
H121,C1
H122,C1
H123,C1
H124,C1
H125,C1
H126,C1
H127,C1
H128,C1
H129,C1
H130,C1
H131,C1
H132,C1
H133,C1
H134,C1
H135,C1
H136,C1
H137,C1
H138,C1
H139,C1
H140,C1
H141,C1
H142,C1
H143,C1
H144,C1
H145,C1
H146,C1
H147,C1
H148,C1
H149,C1
H150,C1
H151,C1
H152,C1
H153,C1
H154,C1
H155,C1
H156,C1
H157,C1
H158,C1
H159,C1
H160,C1
H161,C1
H162,C1
H200,C1
H201,C1
H202,C1
H203,C1
H204,C1
H205,C1
H206,C1
H208,C1
H209,C1
H210,C1
H211,C1
H212,C1
H213,C1
H214,C1
H215,C1
H216,C1
H300,C1
H301,C1
H400,C1
H401,C1
H500,C1
H501,C1
H502,C1
H600,C1
H601,C1
H602,C1
H603,C1
H604,C1
H605,C1
H606,C1
H607,C1
H608,C1
H609,C1
H610,C1
H611,C1
H612,C1
H613,C1
H614,C1
H615,C1
H616,C1
H620,C1
H621,C1
H622,C1
H623,C1
H624,C1
H625,C1
H626,C1
H630,C1
H631,C1
H632,C1
H633,C1
H634,C1
H635,C1
H636,C1
H637,C1
H638,C1
H639,C1
H640,C1
H641,C1
H642,C1
H643,C1
H644,C1
H700,C2
H701,C1
H702,C1
H703,C1
H704,C1
H705,C1
H706,C1
H707,C1
H708,C1
H709,C1
H710,C1
H711,C1
H712,C1
H713,C1
H714,C1
H715,C1
H716,C1
H717,C1
H718,C1
H719,C1
H720,C1
H721,C1
H722,C1
H723,C1
H724,C1
H725,C1
H726,C1
H727,C1
H728,C1
H729,C1
H730,C1
H731,C1
H732,C1
H801,C1
H802,C1
H803,C1
H804,C1
H805,C1
H806,C1
H807,C1
J100,C1
J101,C1
J102,C1
J103,C1
J104,C1
J200,C1
J201,C1
J300,C1
J301,C1
J400,C1
J401,C1
J402,C1
J403,C1
J404,C1
J405,C1
J406,C1
J407,C1
J408,C1
J500,C1
J501,C1
J502,C1
J503,C1
J504,C1
J505,C1
J506,C1
J507,C1
J508,C1
J509,C1
J510,C1
J511,C1
J512,C1
J513,C1
J514,C1
J515,C1
J516,C1
J517,C1
J518,C1
J519,C1
J520,C1
J521,C1
J522,C1
J523,C1
J524,C1
J525,C1
J526,C1
J527,C1
J528,C1
J529,C1
J530,C1
J531,C1
J532,C1
J533,C1
J534,C1
J535,C1
J536,C1
J537,C1
J538,C1
J539,C1
J540,C1
J541,C1
J600,C1
J601,C1
J602,C1
J603,C1
J604,C1
J605,C1
J606,C1
J700,C1
J701,C1
J702,C1
J703,C1
J704,C1
J800,C1
J801,C1
J802,C1
J803,C1
J900,C1
J901,C1
J902,C1
J910,C1
K100,C2
K101,C1
K102,C1
K103,C1
K104,C1
K105,C1
K106,C1
K107,C1
K108,C2
K109,C1
K110,C1
K111,C1
K112,C1
K113,C1
K114,C1
K115,C1
K116,C1
K117,C1
K118,C1
K119,C1
K120,C1
K121,C1
K122,C2
K123,C1
K124,C1
K125,C1
K126,C1
K127,C1
K128,C1
K129,C1
K130,C1
K131,C1
K132,C1
K133,C1
K134,C1
K135,C1
K136,C1
K137,C1
K138,C1
K139,C1
K140,C1
K141,C1
K150,C1
K151,C1
K152,C1
K153,C1
K154,C1
K170,C1
K171,C1
K172,C1
K173,C1
K174,C1
K175,C1
K176,C1
K177,C1
K178,C1
K179,C1
K180,C1
K181,C1
K182,C1
K183,C1
K184,C1
K185,C1
K186,C1
K187,C1
K188,C1
K189,C1
K190,C1
K191,C1
K192,C1
K193,C1
K194,C1
K195,C1
K196,C2
K200,C2
K201,C1
K202,C1
K203,C1
K204,C1
K205,C1
K206,C1
K207,C1
K208,C1
K209,C1
K210,C1
K211,C1
K212,C1
K213,C1
K214,C1
K215,C1
K216,C1
K217,C1
K218,C1
K219,C1
K220,C1
K221,C1
K222,C1
K223,C1
K224,C1
K225,C1
K226,C1
K227,C1
K228,C1
K229,C1
K230,C1
K231,C1
K232,C1
K233,C1
K234,C1
K235,C1
K236,C1
K237,C1
K238,C1
K239,C1
K240,C1
K241,C1
K242,C1
K243,C1
K244,C1
K245,C1
K246,C1
K247,C1
K248,C1
K249,C1
K250,C1
K251,C1
K252,C1
K253,C1
K254,C1
K255,C1
K256,C1
K257,C1
K258,C1
K259,C1
K260,C1
K261,C1
K262,C1
K263,C1
K264,C1
K265,C1
K266,C1
K267,C1
K268,C1
K269,C1
K270,C1
K271,C1
K272,C1
K300,C2
K301,C1
K302,C1
K303,C1
K304,C1
K305,C1
K306,C1
K307,C1
K308,C1
K309,C1
K310,C1
K311,C1
K312,C1
K313,C1
K314,C1
K315,C1
K316,C1
K317,C1
K318,C1
K319,C1
K320,C1
K321,C1
K322,C1
K323,C1
K324,C1
K325,C1
K326,C1
K327,C1
K328,C1
K400,C2
K401,C1
K402,C1
K403,C1
K404,C1
K405,C1
K406,C1
K407,C1
K408,C1
K409,C1
K410,C1
K411,C1
K412,C1
K413,C1
K414,C1
K415,C1
K416,C1
K500,C1
K501,C1
K502,C1
K503,C1
K504,C1
K505,C1
K506,C1
K507,C1
K508,C1
K509,C1
K510,C1
K511,C1
K512,C1
K513,C2
K514,C1
K515,C1
K516,C1
K517,C1
K518,C1
K519,C1
K520,C1
K521,C1
K522,C1
K530,C1
K531,C1
K532,C1
K533,C1
K534,C1
K535,C1
K536,C1
K540,C1
K541,C1
K542,C1
K543,C1
K544,C1
K545,C1
K546,C1
K550,C1
K551,C1
K552,C1
K553,C1
K554,C1
K555,C1
K556,C1
K557,C1
K560,C1
K561,C1
K562,C1
K563,C1
K564,C1
K565,C1
K566,C1
K567,C1
K568,C1
K569,C1
K570,C1
K571,C1
K572,C1
K573,C1
K574,C1
K575,C1
K576,C1
K580,C1
K581,C1
K582,C1
K583,C1
K584,C1
K590,C1
K591,C1
K592,C1
K601,C1
K602,C1
K603,C1
K604,C1
K605,C1
K606,C1
K607,C1
K608,C1
K609,C1
K610,C1
K611,C1
K612,C1
K613,C1
K614,C1
K615,C1
K616,C1
K617,C1
K618,C1
K619,C1
K620,C1
K621,C1
K622,C1
K623,C1
K624,C1
K625,C1
K626,C1
K627,C1
K628,C1
K629,C1
K630,C1
K631,C1
K632,C1
K633,C1
K634,C1
K635,C1
K636,C1
K637,C1
K638,C1
K639,C1
K640,C1
K641,C1
K642,C1
K643,C1
K644,C1
K645,C1
K646,C1
K647,C1
K648,C1
K649,C1
K650,C1
K651,C1
K652,C1
K653,C1
K654,C1
K655,C1
K656,C1
K657,C1
K658,C1
K659,C1
K660,C1
K661,C1
K662,C1
K663,C1
K664,C1
K665,C1
K666,C1
K667,C1
K668,C1
K669,C1
K670,C1
K671,C1
K672,C1
K673,C1
K674,C1
K675,C1
K676,C1
K677,C1
K678,C1
K679,C1
K680,C1
K681,C1
K682,C1
K683,C1
K684,C1
K685,C1
K686,C1
K687,C1
K688,C1
K689,C1
K690,C1
K691,C1
K692,C1
K693,C1
K694,C1
K695,C1
K696,C1
K697,C1
K698,C1
K699,C1
K700,C1
K701,C2
K702,C1
K703,C1
K704,C1
K705,C1
K706,C1
K707,C1
K708,C1
K709,C1
K710,C1
K711,C1
K712,C1
K713,C1
K714,C1
K715,C1
K716,C1
K717,C1
K718,C1
K719,C1
K720,C1
K721,C1
K722,C1
K723,C1
K724,C1
K725,C1
K726,C1
K727,C1
K728,C1
K729,C1
K730,C1
K731,C1
K732,C1
K733,C1
K734,C1
K735,C1
K736,C1
K737,C1
K738,C1
K739,C1
K740,C1
K741,C1
K742,C1
K743,C1
K744,C1
K745,C1
K746,C1
K747,C1
K748,C1
K749,C1
K750,C1
K751,C1
K752,C1
K753,C1
K754,C1
K755,C1
K756,C1
K757,C1
K758,C1
K759,C1
K760,C1
K761,C1
K762,C1
K763,C1
K764,C1
K765,C1
K766,C1
K767,C1
K768,C1
K769,C1
K770,C1
K771,C1
K772,C1
K773,C1
K774,C1
K775,C1
K776,C1
K777,C1
K778,C1
K779,C1
K801,C1
K802,C1
K803,C1
K804,C1
L100,C2
L101,C1
L102,C1
L103,C1
L104,C1
L105,C1
L106,C1
L107,C1
L108,C2
L109,C1
L110,C1
L111,C1
L112,C2
L113,C1
L114,C1
L115,C1
L116,C1
L117,C1
L118,C1
L119,C1
L120,C1
L121,C1
L122,C1
L123,C1
L124,C1
L125,C1
L126,C1
L127,C1
L128,C1
L129,C1
L130,C1
L131,C1
L132,C1
L133,C1
L134,C1
L135,C1
L136,C1
L137,C1
L138,C1
L139,C1
L140,C1
L141,C1
L142,C1
L143,C2
L144,C1
L145,C1
L146,C1
L147,C1
L148,C1
L149,C1
L200,C2
L201,C2
L202,C3
L204,C2
L205,C2
L206,C2
L207,C2
L208,C2
L209,C2
L230,C3
L231,C3
L232,C3
L300,C1
L301,C1
L302,C1
L303,C1
L304,C1
L305,C1
L306,C1
L307,C1
L308,C1
L309,C1
L310,C1
L311,C1
L312,C1
L313,C1
L314,C1
L315,C1
L316,C1
L400,C1
L401,C1
L402,C1
L403,C1
L404,C1
L405,C1
L406,C1
L407,C1
L408,C1
L409,C1
L410,C1
L411,C1
L412,C1
L413,C1
L414,C1
L415,C1
L416,C1
L417,C1
L418,C1
L419,C1
L420,C1
L421,C1
L422,C1
L423,C1
L424,C1
L425,C1
L426,C1
L427,C1
L428,C1
L429,C1
L430,C1
L431,C1
L432,C1
L433,C1
L434,C1
L435,C1
L436,C1
L437,C1
L438,C1
L439,C1
L440,C1
L441,C1
L442,C1
L443,C1
L444,C1
L445,C1
L446,C1
L447,C1
L448,C1
L449,C1
L450,C1
L451,C1
L452,C1
L453,C1
L454,C1
L455,C1
L456,C1
L457,C1
L458,C1
L459,C1
L460,C1
L461,C1
L462,C1
L463,C1
L464,C1
L465,C1
L466,C1
L467,C1
L468,C1
L469,C1
L470,C1
L471,C1
L472,C1
L473,C1
L474,C1
L475,C1
L476,C1
L500,C1
L501,C1
L502,C2
L503,C2
L504,C1
L505,C1
L506,C1
L507,C1
L508,C1
L509,C1
L510,C1
L511,C1
L512,C1
L513,C1
L514,C1
L515,C1
L516,C1
L517,C1
L518,C1
L519,NA
L520,C1
L521,C2
L522,C2
L523,C1
L524,C1
L525,C1
L526,C1
L527,C1
L528,C1
L529,C1
L530,C1
L531,C1
L532,C1
L533,C1
L534,C1
L535,C1
L536,C1
L537,C1
L538,C1
L539,C1
L540,C1
L541,C1
L542,C1
L543,C1
L544,C1
L545,C1
L546,C1
L547,C1
L548,C1
L549,C1
L550,NA
L551,NA
L552,C1
L553,C1
L554,C1
L555,C1
L556,NA
L557,NA
L558,NA
L559,NA
L560,NA
L561,NA
L562,NA
L563,NA
L564,NA
L565,NA
L566,NA
L600,C1
L601,C1
L602,C1
L603,C1
L604,C1
L605,C1
L608,0
M100,C1
M101,C1
M102,C1
M103,C1
M104,C1
M105,C1
M106,C1
M107,C1
M108,C1
M109,C1
M110,C1
M111,C1
M112,C1
M113,C1
M114,C1
M120,C1
M121,C1
M122,C1
M123,C1
M124,C1
M125,C1
M126,C1
M127,C1
M128,C1
M130,C1
M131,C1
M132,C1
M133,C1
M134,C1
M135,C1
M136,C1
M137,C1
M138,C1
M139,C1
M140,C1
M141,C1
M142,C1
M143,C1
M200,C1
M201,C1
M202,C1
M203,C1
M204,C1
M205,C1
M206,C1
M207,C1
M208,C1
M209,C1
M210,C1
M211,C1
M212,C1
M213,C1
M214,C1
M215,C1
M220,C1
M221,C1
M222,C1
M223,C1
M224,C1
M225,C1
M226,C1
M227,C1
M228,C1
M229,C1
M230,C1
M231,C1
M232,C1
M233,C1
M234,C1
M235,C1
M236,C1
M237,C1
M238,C1
M239,C1
M240,C1
M241,C1
M242,C1
M243,C1
M244,C1
M245,C1
M246,C1
M247,C1
M248,C1
M249,C1
M250,C1
M251,C1
M252,C1
M253,C1
M254,C1
M255,C1
M256,C1
M257,C1
M258,C1
M259,C1
M260,C1
M261,C1
M262,C1
M263,C1
M264,C1
M265,C1
M266,C1
M267,C1
M268,C1
M269,C1
M270,C1
M271,C1
M272,C1
M273,C1
M274,C1
M275,C1
M276,C1
M277,C1
M278,C1
M279,C1
M280,C1
M300,C1
M301,C1
M302,C1
M303,C1
M304,C1
M305,C1
M306,C1
M307,C1
M308,C1
M310,C1
M311,C1
M312,C1
M313,C1
M314,C1
M315,C1
M316,C1
M318,C1
M319,C1
M320,C1
M321,C1
M322,C1
M323,C1
M324,C1
M325,C1
M326,C1
M327,C1
M328,C1
M329,C1
M330,C1
M331,C1
M332,C1
M333,C1
M334,C1
M335,C1
M336,C1
M337,C1
M338,C1
M339,C1
M400,C1
M401,C1
M402,C1
M403,C1
M404,C1
M405,C1
M406,C1
M407,C1
M408,C1
M409,NA
M410,NA
M600,C1
M601,C1
M602,C1
M603,C1
M604,C1
M605,C1
M606,C1
M607,C1
M608,C1
M609,C1
M610,C1
M611,C1
M612,C1
M613,C1
M614,C1
M615,C1
M616,C1
M617,C1
M618,C1
M619,C1
M620,C1
M621,C1
M622,C1
M623,C1
M624,C1
M625,C1
M626,C1
M627,C1
M628,C1
M629,C1
M630,C1
M631,C1
M700,C1
M701,C1
N100,C1
N101,C1
N102,C1
N103,C1
N200,C1
N201,C1
N202,C1
N300,C1
N301,C1
N302,C1
N303,C1
N304,C1
N305,C1
N306,C1
N307,C1
N308,C1
N309,C1
N310,C1
N311,C1
N312,C1
N313,C1
N314,C1
N315,C1
N316,C1
N317,C1
N318,C1
N319,C1
N320,C1
N321,C1
N322,C1
N323,C1
N324,C1
N325,C1
N326,C1
N327,C1
N328,C1
N329,C1
N330,C1
N331,C1
N332,C1
N333,C1
N334,C1
N335,C1
N336,C1
N337,C1
N338,C1
N339,C1
N340,C1
N341,C1
N342,C1
N343,C1
N344,C1
N345,C1
N346,C1
N347,C1
N348,C1
N350,C1
N351,C1
N352,C1
N353,C1
N354,C1
N355,C1
N356,C1
N357,C1
N358,C1
N360,C1
N361,C1
N362,C1
N363,C1
N364,C1
N365,C1
N366,C1
N367,C1
N368,C1
N369,C1
N370,C1
N371,C1
N372,C1
N373,C1
N374,C1
N375,C1
N376,C1
N377,C1
N378,C1
N379,C1
N380,C1
N381,C1
N382,C1
N383,C1
N384,C1
N385,C1
N386,C1
N387,C1
N388,C1
N389,C1
N390,C1
N391,C1
N392,C1
N393,C1
N394,C1
N395,C1
N396,C1
N397,C1
N398,C1
N399,C1
N400,C1
N401,C1
N402,C1
N403,C1
N404,C1
N405,C1
N406,C1
N407,C1
N408,C1
N409,C1
N410,C1
N411,C1
N450,C1
N451,C1
N452,C1
N453,C1
N454,C1
N455,C1
N456,C1
N457,C1
N458,C2
N459,C2
N500,C1
N501,C1
N502,C1
N503,C1
N504,C1
N505,C1
N506,C1
N507,C1
N510,C1
N511,C1
N512,C1
N513,C1
N514,C1
N516,C1
N517,C1
N518,C1
N519,C1
N520,C1
N521,C1
N522,C1
N523,C1
N524,C1
N525,C1
N526,C1
N527,C1
N528,C1
N529,C1
N530,C1
N531,C1
N532,C1
N533,C1
N534,C1
N535,C1
N536,C1
N537,C1
N538,C1
N539,C1
N540,C1
N541,C1
N542,C1
N543,C1
N544,C1
N545,C1
N546,C1
N547,C1
N548,C1
N549,C1
N550,C1
N551,C1
N552,C1
N553,C1
N554,C1
N555,C1
N556,C1
N557,C1
N558,C1
N559,C1
N560,C1
N561,C1
N562,C1
N563,C1
N564,C1
N565,C1
N566,C1
N567,C1
N568,C1
N569,C1
N570,C1
N571,C1
N572,C1
N573,C1
N574,C1
N575,C1
N576,C1
N580,C1
N581,C1
N582,C1
N583,C1
N584,C1
N585,C1
N586,C1
N587,C1
N588,C1
N589,C1
N590,C1
N591,C1
N592,C1
N593,C1
N594,C1
N595,C1
N596,C1
N597,C1
N598,C1
N599,C1
N600,C1
N601,C1
N602,C1
N603,C1
N604,C1
N605,C1
N606,C1
N607,C1
N608,C1
N609,C1
N610,C1
N611,C1
N612,C1
N613,C1
N614,C1
N615,C1
N616,C1
N617,C1
N618,C1
N619,C1
N620,C1
N621,C1
N622,C1
N623,C1
N624,C1
N625,C1
N626,C1
N627,C1
N628,C1
N629,C1
N630,C1
N631,C1
N632,C1
N633,C1
N634,C1
N635,C1
N636,C1
N637,C1
N638,C1
N639,C1
N640,C1
N641,C1
N642,C1
N643,C1
N644,C1
N645,C1
N646,C1
N647,C1
N648,C1
N649,C1
N650,C1
N651,C1
N652,C1
N653,C1
N654,C1
N655,C1
N656,C1
N657,C1
N658,C1
N659,C1
N660,C1
N661,C1
N662,C1
NA,NA
O100,C1
O101,C1
O102,C1
O103,C1
O104,C1
O105,C1
O106,C1
O107,C1
O108,C1
O109,C1
O110,C1
O111,C1
O112,C1
O113,C1
O114,C1
O115,C1
O116,C1
O117,C1
O118,C1
O119,C1
O120,C1
O121,C1
O122,C1
O123,C1
O124,C1
O125,C1
O126,C1
O127,C1
O128,C1
O150,C1
O151,C1
O152,C1
O153,C1
O154,C1
O155,C1
O156,C1
O157,C1
O158,C1
O159,C1
O200,C1
O201,C1
O202,C1
O203,C1
O204,C1
O205,C1
O206,C1
O207,C1
O208,C1
O209,C1
O210,C1
O211,C1
O212,C1
O213,C1
O214,C1
O215,C1
O216,C1
O217,C1
O218,C1
O219,C1
O220,C1
O221,C1
O222,C1
O223,C1
O224,C1
O225,C1
O300,C1
O301,C1
O302,C1
O400,C1
O401,C1
O402,C1
O403,C1
O404,C1
O405,C1
O406,C1
O407,C1
O408,C1
O409,C1
O410,C1
O411,C1
O412,C1
O450,C1
O500,C1
O501,C1
O502,C1
O503,C1
O504,C1
O505,C1
P100,C1
P101,C1
P102,C1
P103,C1
P104,C1
P105,C1
P106,C1
P107,C1
P108,C1
P109,C1
P110,C1
P111,C1
P112,C1
P113,C1
P114,C1
P115,C1
P116,C1
P117,C1
P118,C1
P119,C1
P120,C1
P121,C1
P122,C1
P123,C1
P124,C1
P125,C1
P126,C1
P127,C1
P128,C1
P129,C1
P130,C1
P131,C1
P132,C1
P133,C1
P134,C1
P135,C1
P180,C1
P181,C1
P182,C1
P183,C1
P184,C1
P185,C1
P186,C1
P187,C1
P188,C1
P189,C1
P190,C1
P191,C1
P192,C1
P193,C1
P194,C1
P195,C1
P200,C1
P201,C1
P202,C1
P203,C1
P204,C1
P205,C1
P206,C1
P207,C1
P208,C1
P209,C1
P210,C1
P211,C1
P212,C1
P213,C1
P214,C1
P215,C1
P216,C1
P217,C1
P218,C1
P219,C1
P220,C1
P221,C1
P222,C1
P223,C1
P224,C1
P225,C1
P226,C1
P227,C1
P228,C1
P229,C1
P230,C1
P231,C1
P232,C1
P233,C1
P234,C1
P235,C1
P236,C1
P237,C1
P238,C1
P239,C1
P240,C1
P241,C1
P242,C1
P243,C1
P244,C1
P245,C1
P246,C1
P247,C1
P248,C1
P249,C1
P250,C1
P251,C1
P252,C1
P253,C1
P254,C1
P255,C1
P256,C1
P257,C1
P258,C1
P259,C1
P260,C1
P261,C1
P262,C1
P263,C1
P264,C1
P265,C1
P266,C1
P267,C1
P268,C1
P269,C1
P270,C1
P271,C1
P272,C1
P273,C1
P274,C1
P275,C1
P276,C1
P277,C1
P278,C1
P279,C1
P280,C1
P281,C1
P282,C1
P283,C1
P284,C1
P285,C1
P286,C1
P287,C1
P288,C1
P289,C1
P290,C1
P291,C1
P292,C1
P293,C1
P294,C1
P295,C1
P296,C1
P297,C1
P298,C1
P299,C1
P300,C1
P301,C1
P302,C1
P303,C1
P304,C1
P305,C1
P306,C1
P307,C1
P308,C1
P309,C1
P310,C1
P311,C1
P312,C1
P313,C1
P314,C1
P315,C1
P316,C1
P317,C1
P318,C1
P319,C1
P320,C1
P321,C1
P322,C1
P323,C1
P324,C1
P325,NA
P326,C1
P327,C1
P328,C1
P329,C1
P330,C1
P331,C1
P332,C1
P333,C1
P334,C1
P335,C1
P336,C1
P337,C1
P338,C1
P339,C1
P340,C1
P341,NA
P342,NA
P343,NA
P344,C1
P345,NA
P346,NA
P347,NA
P348,NA
P349,C1
P350,C1
P354,C1
P355,C1
P356,C1
P357,C1
P358,C1
P359,C1
P401,C1
P402,C1
P403,C1
P404,C1
P405,C1
P406,C1
P407,C1
P408,C1
P409,C1
P410,C1
P411,C1
P500,C1
P501,C1
P502,C1
P503,C1
P504,C1
P505,C1
P506,C1
P507,C1
P508,C1
P509,C1
P510,C1
P511,C1
P512,C1
P513,C1
P514,C1
P515,C1
P516,C1
P517,C1
P518,C1
P519,C1
P520,C1
P521,C1
P600,C1
P601,C1
P602,C1
P603,C1
P650,0
P700,C1
P701,C1
P702,C1
P703,C1
P704,C1
P705,C1
P706,C1
P708,C1
P709,C1
P712,C1
P713,C1
P800,C1
P801,C1
P802,C1
P803,C1
P804,C1
P805,C1
P806,C1
P807,C1
P808,C1
P809,C1
P810,C1
P811,C1
P812,C1
P813,C1
P814,C1
P815,C1
P816,C1
P817,C1
P818,C1
P819,C1
P820,C1
P821,C1
P900,C1
P901,C1
P902,C1
P903,C1
P904,C1
P905,C1
P906,C1
P907,C1
P908,C1
P909,C1
P910,C1
P911,C1
P912,C1
P913,C1
P914,C1
P915,C1
P916,C1
P917,C1
P918,C1
P919,C1
P920,C1
P921,C1
P923,C1
P924,C1
P925,C1
P926,C1
P927,C1
P928,C1
P929,C1
P930,C1
P931,C1
P932,C1
P933,C1
P934,C1
P935,C1
P936,C1
P937,C1
P938,C1
P940,C1
P941,C1
P942,C1
P943,C1
P944,C1
P945,C1
P946,C1
P947,C1
P948,C1
P949,C1
P950,C1
P951,C1
P952,C1
P953,C1
P954,C1
P955,C1
P956,C1
P957,C1
P958,C1
P959,C1
P960,C1
P961,C1
P962,C1
P963,C1
P964,C1
P965,C1
P966,C1
P967,C1
P968,C1
P969,C1
P970,C1
P971,C1
P972,C1
P973,C1
P974,C1
P975,C1
P976,C1
P977,C1
P978,C1
P979,C1
P980,C1
P981,C1
P982,C1
P983,C1
P984,C1
P985,C1
P986,C1
P987,C1
P988,C1
P989,C1
P990,C1
P991,C1
P992,C1
P993,C1
P994,C1
P995,C1
P996,C1
P997,C1
P998,C1
P999,C1
Q101,C1
Q102,C1
Q103,C1
Q104,C1
Q105,C1
Q106,C1
Q107,C1
Q108,C1
Q109,C1
Q110,C1
Q111,C1
Q112,C1
Q113,C1
Q114,C1
Q115,C1
Q116,C1
Q117,C1
Q118,C1
Q119,C1
Q120,C1
Q121,C1
Q122,C1
Q123,C1
Q124,C1
Q125,C1
Q126,C1
Q127,C1
Q128,C1
Q129,C1
Q130,C1
Q131,C1
Q132,C1
Q133,C1
Q134,C1
Q135,C1
Q136,C1
Q137,C1
Q138,C1
Q139,C1
Q140,C1
Q141,C1
Q142,C1
Q143,C1
Q144,C1
Q145,C1
Q146,C1
Q147,C1
Q148,C1
Q149,C1
Q150,C1
Q151,C1
Q152,C1
Q153,C1
Q154,C1
Q155,C1
Q156,C1
Q157,C1
Q158,C1
Q159,C1
Q160,C1
Q161,C1
Q162,C1
Q163,C1
Q164,C1
Q165,C1
Q166,C1
Q167,C1
Q168,C1
Q169,C1
Q170,C1
Q171,C1
Q172,C1
Q173,C1
Q174,C1
Q175,C1
Q176,C1
Q200,C1
Q201,C1
Q202,C1
Q203,C1
Q204,C1
Q205,C1
Q301,C1
Q302,C1
Q303,C1
Q400,C1
Q401,C1
Q700,C1
Q701,C1
Q900,C1
Q901,C1
Q902,C1
Q903,C1
Q904,C1
Q905,C1
Q906,C1
Q907,C1
Q908,C1
Q909,C1
Q910,C1
Q911,C1
Q912,C1
Q913,C1
Q914,C1
Q915,C1
Q916,C1
R100,C1
R200,0
R201,C1
R202,C1
R203,C1
R204,C1
R205,C1
R206,C1
R207,C1
R400,C1
R401,C1
R402,C1
R403,C1
R404,C1
R405,C1
R500,C1
R501,C1
R502,C1
R503,C1
R504,C2
R505,C1
R506,C1
R507,C1
R508,C1
R509,C1
R510,C1
R511,C1
R512,C1
R513,C1
R514,C1
R515,C1
R516,C2
R517,C1
R518,C2
R519,C1
R520,C2
R521,C2
R522,C1
R523,C1
R524,C1
R525,C1
R526,C1
R527,C1
R528,C1
R529,C1
R530,C1
R531,C1
R532,C1
R533,C1
R534,C1
R535,C1
R536,C1
R537,C1
R538,0
R539,C1
R540,C1
R541,C1
R542,C1
R543,C1
R544,C1
R545,C1
R546,C1
R547,C1
R548,C1
R549,C1
R550,C1
R551,C1
R552,C1
R553,C1
R554,C1
R555,C1
R556,C1
R557,C1
R558,C1
R559,C1
R560,C1
R561,C1
R562,C1
R563,C1
R564,C1
R565,C1
R566,C1
R567,C1
R568,C1
R569,C1
R570,C1
R571,C1
R572,C1
R573,C1
R574,C1
R575,C1
R576,C1
R577,C1
R578,C1
R579,C1
R580,C1
R581,C1
R582,C1
R583,C1
R584,C1
R585,C1
R586,C1
R587,C1
R588,C1
R589,C1
R590,C1
R591,C1
R592,C1
R593,C1
R594,C1
R595,C1
R597,C1
R598,C1
R599,NA
R600,C1
R601,C1
R623,C1
R624,C1
R625,C1
R626,C1
R627,C1
R628,C1
R629,C1
R630,C1
R631,C1
R632,C1
R633,C1
R634,C1
R635,C1
R636,C1
R637,C1
R638,C1
R639,C1
R640,C1
R641,C1
R642,C1
R643,C1
R644,C1
R645,C1
R646,C1
R647,C1
R648,C1
R649,C1
R650,C1
R651,C1
R652,C1
R653,C1
R654,C1
R655,C1
R656,C1
R657,C1
R658,C1
R659,C1
R660,C1
R661,C1
R662,C1
R663,C1
R664,C1
R665,C1
R666,C1
R667,C1
R668,C1
R669,C1
R670,C1
R671,C1
R672,C1
R673,C2
R674,C2
R675,C1
R676,C1
R699,0
R700,C1
R701,C1
R800,C1
R801,C1
R802,C1
R803,C1
R804,C1
R805,C1
R806,C1
R807,C1
R808,C1
R809,C1
R810,C1
R811,C1
R812,C1
R813,C1
R814,C1
R815,C1
R816,C1
R817,C1
R818,C1
R819,C1
R820,C1
R821,C1
R890,C1
R891,C1
R892,C1
R893,C1
R900,C1
R901,C1
R902,C1
R903,C1
R904,C1
R905,C1
R906,C1
R907,C1
R908,C1
R910,C1
R911,C1
R912,C1
R950,C1
S100,C1
S101,C1
S102,C1
S103,C1
S104,C1
S105,C1
S106,C1
S200,C1
S201,C1
S300,C1
S301,C1
S400,C1
S401,C1
S402,C1
S600,C1
S601,C1
S800,C1
S801,C1
S802,C1
S803,C1
S804,C1
S805,C1
S806,C1
S807,C1
S901,C1
T100,C1
T101,C1
T102,C1
T103,C1
T104,C1
T105,C1
T106,C1
T107,C1
T200,C1
T202,C1
T203,C1
T206,C1
T207,C1
T208,C1
T209,C1
T210,C1
T211,C1
T212,C1
T213,C1
T214,C1
T215,C1
T216,C1
T217,C1
T300,C1
T301,C1
T302,C1
T303,C1
T400,C1
T401,C1
T403,C1
T404,C1
T500,C1
T501,C1
T502,C1
T503,C1
T504,C1
T505,C1
T600,C1
T601,C1
T602,C1
T603,C1
T604,C1
T605,C1
T606,C1
T607,C1
T608,C1
T609,C1
T610,C1
T611,C1
T612,C1
T613,C1
T614,C1
T615,C1
T700,C1
T701,C1
T702,C1
T703,C1
T704,C1
T705,C1
T706,C1
T707,C1
T708,C1
T709,C1
T710,C1
T711,C1
T712,C1
T713,C1
T714,C1
T715,C1
T716,C1
T717,C1
T718,C1
T719,C1
T720,C1
T721,C1
T722,C1
T723,C1
T724,C1
T725,C1
T726,C1
T727,C1
T728,C1
T729,C1
T730,C1
T731,C1
T732,C1
T733,C1
T734,C1
T735,C1
T736,C1
T737,C1
T800,C1
T801,C1
T802,C1
T803,C1
T900,C1
T901,C1
T902,C1
T903,C1
T904,C1
T905,C1
T907,C1
T908,C1
T909,C1
T910,C1
T911,C1
T912,C1
T913,C1
T914,C1
T915,C1
T916,C1
T917,C1
T918,C1
T919,C1
T920,C1
T921,C1
U100,C1
U101,C1
U102,C1
U106,C1
U107,C1
U200,C1
U201,C1
U202,C1
U203,C1
U204,C1
U205,C1
U206,C1
U207,C1
U211,C1
U212,C1
U213,C1
U214,C1
U301,C1
U302,C1
U303,C1
U304,C1
U305,C1
U306,C1
U401,C1
U402,C1
U403,C1
U404,C1
U405,C1
U501,C1
U502,C1
U503,C1
U504,C1
UNK,NA
V100,C1
V101,C1
V102,C1
V103,C1
V104,C1
V105,C1
V106,C1
V107,C1
V108,C1
V109,C1
V110,C1
V111,C1
V112,C1
V113,C1
V130,C1
V131,C1
V132,C1
V133,C1
V134,C1
V135,C1
V136,C1
V200,C1
V201,C1
V202,C1
V203,C1
V204,C1
V205,C1
V206,C1
V207,C1
V208,C1
V209,C1
V210,C1
V211,C1
V212,C1
V213,C1
V214,C1
V215,C1
V216,C1
V217,C1
V218,C1
V219,C1
V220,C1
V221,C1
V222,C1
V223,C1
V224,C1
V225,C1
V226,C1
V227,C1
V228,C1
V229,C1
V230,C1
V231,C1
V232,C1
V233,C1
V234,C1
V235,C1
V236,C1
V237,C1
V238,0
V239,C1
V240,C1
V241,C1
V242,C1
V243,C1
V244,C1
V245,C1
V246,C1
V247,C1
V248,C1
V249,C1
V250,C1
V251,C1
V252,C1
V300,C1
V301,C1
V302,C1
V303,C1
V304,C1
V305,C1
V306,C1
V307,C1
V308,C1
V309,C1
V310,C1
V311,C1
V312,C1
V313,C1
V314,C1
V400,C1
V401,C1
V402,C1
V403,C1
V404,C1
V405,C1
V406,C1
V407,C1
V408,C1
V409,C1
V410,C1
V411,C1
V412,C1
V413,C1
V414,C1
V415,C1
V416,C1
V417,C1
V418,C1
V419,C1
V420,C1
V421,C1
V422,C1
V423,C1
V424,C1
V425,C1
V426,C1
V427,C1
V428,C1
V429,C1
V430,C1
V431,C1
V432,C1
V433,C1
V434,C1
V435,C1
V436,C1
V437,C1
V438,C1
V439,C1
V440,C1
V441,C1
V442,C1
V443,C1
V444,C1
V445,C1
V446,C1
V447,C1
V448,C1
V449,C1
V450,C1
V451,C1
V452,C1
V453,C1
V454,C1
V455,C1
V456,C1
V457,C1
V458,C1
V460,C1
V470,C1
V471,C1
V480,C1
V481,C1
V482,C1
V483,C1
V484,C1
V485,C1
V490,C1
V491,C1
V492,C1
V493,C1
V494,C1
V495,C1
V496,C1
V497,C1
V498,C1
V499,C1
V500,C1
V501,C1
V502,C1
V503,C1
V504,C1
V505,C1
V506,C1
V507,C1
V508,C1
V509,C1
V510,C1
V511,C1
V512,C1
V513,C1
V514,C1
V515,C1
V516,C1
V517,C1
V518,C1
V520,C1
V521,C1
V522,C1
V550,C1
V551,C1
V552,C1
V553,C1
V554,C1
V555,C1
V556,C1
V557,C1
V558,C1
V559,C1
V560,C1
V561,C1
V562,C1
V563,C1
V564,C1
V565,C1
V566,C1
V567,C1
V568,C1
V569,0
V570,C1
V571,C1
V572,C1
V573,C1
V574,C1
V575,C1
V576,C1
V577,C1
V580,C1
V590,C1
V591,C1
V592,C1
V593,C1
V594,C1
V595,C1
V596,C1
V600,C1
V601,C2
V602,C1
V603,C1
V604,C1
V605,C2
V606,C2
V607,C2
V608,C1
V609,C1
V610,C1
V611,C1
V612,C1
V613,C1
V620,C1
V621,C1
V622,C1
V623,C1
V624,C1
V625,C1
V626,C1
V627,C1
V628,C1
V630,C1
V631,C1
V632,C1
V633,C1
V634,C1
V640,C1
V641,C1
V642,C1
V643,C1
V644,C1
V650,C1
V651,C1
V652,C1
V653,C1
V654,C1
V655,C1
V656,C1
V657,C1
V658,C1
V659,C1
V660,C1
V661,C1
V662,C1
V663,C1
V664,C1
V665,C1
V666,C1
V667,C1
V668,C1
V669,C1
V670,C1
V671,C1
V672,C1
V673,C1
V674,C1
V675,C1
V676,C1
V677,C1
V678,C1
V680,C1
V681,C1
V682,C1
V685,C1
V686,C1
V690,C1
V700,C1
V701,C1
V702,C1
V703,C1
V704,C1
V800,C1
V801,C1
W100,0
W101,0
W200,0
W201,0
W300,0
W301,0
W303,0
W304,0
W309,0
W315,0
W320,0
W329,0
W335,0
W336,0
W337,0
W400,0
W401,0
W402,0
W403,0
W404,0
W405,0
W420,0
W500,C1
W501,C1
W502,C1
W503,C1
W601,C1
W602,C1
W603,C1
W604,C1
W605,C1
W606,C1
W607,C1
W608,C1
W609,C1
W610,C1
W611,C1
W612,C1
W613,C1
W614,C1
W615,C1
W616,C1
W617,C1
W618,C1
W619,C1
W620,C1
W621,C1
W622,C1
W626,C1
W627,C1
W633,C1
W635,C1
W701,C1
W702,C3
W703,C3
W704,C1
W705,C1
W706,C1
W707,C1
W708,C1
W709,C1
W710,C1
W711,C1
W712,C1
W713,C1
W714,C1
W715,C1
W716,C1
X101,0
X102,C1
Y101,0
Y410,NA
Y421,NA
Y901,C1
Y902,C1
Y998,C3
Y999,0
1765,C3
2944,C3
5227,C2
7473,C2
A217,C3
Unknown,NA
